target,name,K,n_test,n_adapt,lstm_repr,persistence,pooled_transfer,local_lag1,local_mean,local_ridge_hi,local_ridge_unreg,local_ridgecv,mae_persistence,mae_pooled_transfer,mae_local_lag1,mae_local_mean,mae_local_ridge_hi,mae_local_ridge_unreg,mae_local_ridgecv
station_12,CITIES@Saadiyat,30,565,16,11.78449906728776,12.028233342645658,11.553793005885808,15.039951211620643,18.4586069834058,19.29869811049539,138.43205543574055,43.89428023210499,8.789185840707963,8.986728134122085,10.560350708091345,13.009098451327434,13.712228416036053,121.98395396710293,37.820219481478894
station_12,CITIES@Saadiyat,90,505,76,11.742653762116769,12.19209339638352,11.605001680577553,11.647088859400174,17.29152361171965,16.66928173162586,41.45086626690894,24.568484294322435,8.905663366336634,9.035792793522416,8.574721718266346,12.398496873371549,11.93530783730017,35.55799932012959,19.945037078641995
station_13,CITIES@Lycee Francais Theodore Monod International School,30,594,16,11.637988497267251,12.133064224454904,11.477422834998523,15.254780131139924,18.70533041863572,16.318337280922727,130.6439890222452,52.9725734026021,8.984444444444446,8.940788993141542,10.934061396620306,13.356127946127947,12.15105802255514,103.21875731738513,41.452588577816755
station_13,CITIES@Lycee Francais Theodore Monod International School,90,534,76,11.814429804832704,12.28736598793038,11.600330660778221,14.099350431879468,19.03910961588978,19.350390545869004,26.403571351828738,21.743720319743225,9.147228464419474,9.058926766210588,10.338403571149478,13.762992312241277,14.048037338393286,21.051143755002126,16.360344348592154
station_14,CITIES@West Yas Island,30,387,16,12.261471860508152,12.513374622556636,11.815753338134629,17.378072853337258,22.45152345041803,33.56480938262298,609.6333786812161,205.72794706253273,9.419095607235143,9.142378705990728,14.774543998296707,19.509144056847546,29.205689718365207,487.43749208298715,166.30828044092712
station_14,CITIES@West Yas Island,90,327,76,12.164968294666936,12.535055797770148,11.651933673047113,12.068262902382822,19.528079272200106,17.684014274202063,21.179760874812253,14.843407613848699,9.34874617737003,8.972061952295475,9.430369392717333,16.400634154192815,14.700791688292053,17.78226842175488,12.235177745328842
station_15,CITIES@Khalifa City 1,30,367,16,17.942871002624166,20.42504864771637,18.079347039936827,19.63382357087487,23.69451163037984,28.335853942095365,354.3910232117619,762.2666304800271,13.572833787465939,12.638687997111635,15.537920778765168,19.500757833787464,23.77721160615743,280.34578877466674,598.7300314621233
station_15,CITIES@Khalifa City 1,90,307,76,18.755933483904872,21.486237827058325,18.89124196979038,18.985714027690634,22.482337653890475,21.178917584912025,31.59129429662969,21.028445913654327,14.184527687296416,13.022490831847444,13.26782091818671,17.26676881536088,16.109703220223714,25.135724185753283,16.147151196931336
station_16,CITIES@Khalifa City 2,30,329,16,16.99408597756197,18.518673226090232,16.94699080398578,20.985060479880662,26.72129390420837,35.139913113254586,468.0061790207945,163.4043880924397,13.060273556231003,12.253043549202738,17.484223103534767,22.899449088145897,30.61883648536995,383.2521131773351,136.99490619896702
station_16,CITIES@Khalifa City 2,90,269,76,17.576837644120637,19.31623873352183,17.52590922188791,17.79378787798138,22.911541284639576,21.06554103987863,32.123276000464855,20.462080500419074,13.420817843866171,12.390405559735376,12.985903112300178,18.76678487575817,17.06703993509286,25.799232020922243,16.186634730341602
station_17,CITIES@Sas Al Nakhl,30,350,16,10.109157854519822,10.65030658177098,10.184973061429275,11.122155056563805,14.199757091027877,14.402268169384342,39.41619275564472,38.529602157293915,7.908628571428571,8.076888748509266,8.311201896424523,10.642496428571429,10.791796026261629,32.32391681868478,31.024672841148526
station_17,CITIES@Sas Al Nakhl,90,290,76,9.848715578232698,10.340353608973954,9.889053896570706,9.996843562407392,14.702711707654835,13.873863332416013,93.90958612157833,50.69725144704782,7.652103448275862,7.840391048131154,7.895702260943089,11.881268602540835,10.779635260726227,81.08506253945122,43.13481773944264
station_18,CITIES@Al Danah,30,310,16,11.707232470391212,12.29631412122112,11.336241681449575,15.779490959187429,20.056874321046188,19.190544132063465,96.01309500544188,53.927764908085784,9.15241935483871,8.697509913297534,13.392148982801336,17.185387096774193,16.09051907281829,82.42572978466843,45.90748735193664
station_18,CITIES@Al Danah,90,271,55,11.833485422104255,12.448336111935584,11.461540819004574,11.440389734108246,15.38003090292256,15.893120665848869,44.60608276036169,23.360896880533694,9.23678966789668,8.696842173758583,8.537316090396331,11.383431734317343,11.651027884844972,38.19385611223706,18.95600159043653
station_19,CITIES@Shakhbout[31],30,327,16,9.654338510170732,9.844875007554595,9.558189119261947,16.87786862675162,22.551549535743916,23.82395876335139,51.06554567463124,82.16285661299463,7.397920489296636,7.398926079712815,15.051795873672372,20.322083333333335,21.71053414003095,44.86330073435733,68.54757152485985
station_19,CITIES@Shakhbout[31],90,267,76,9.59543625130706,9.770016963172282,9.415497952369403,9.09794521415801,13.240711895266758,12.862226452696357,46.01732407824803,35.163041577486055,7.292883895131086,7.268563983887181,6.795966905424698,10.171738616203427,9.246811872087193,39.98807293599563,30.335330945639885
station_20,Abu dhabi al muzoon,90,183,59,11.800476097302557,11.955186793054745,11.263390248238533,13.139683465783346,18.69527795502501,18.98678863318545,71.83806799972437,29.05403436329554,8.57535519125683,8.561718152373155,9.14718892422898,13.68781652310827,14.005581015038544,66.20988325577088,25.158559923325285
station_21,CITIES@Bateen-BWA,30,215,16,14.93162151115647,16.434843133939836,14.715640792215874,17.815011688028644,20.18858907310558,19.17029122402502,1650.1523483146625,112.7256158067988,11.354790697674417,10.662745135998836,12.174569421147968,14.21740988372093,15.020271281613484,1403.7129008113309,93.72477610777807
station_21,CITIES@Bateen-BWA,90,155,76,16.139661054496496,17.82374798570897,15.925422812752453,17.596949507499247,22.109017994874428,21.508169532122526,19.418312626058693,19.08259263264584,12.268774193548387,11.34932901608214,12.084297062723511,15.923467741935486,15.386825626834728,15.069794136576569,13.756447613636885
station_22,Mamsha Azure 3,30,141,16,13.035579942960664,13.749459924918883,12.376152419273645,16.883445027831357,18.393786615276248,18.877497288897747,38.58855568429125,19.744782839374338,9.837872340425532,8.814796408155065,14.194212779728268,15.486054964539012,15.891444386182723,30.784583589324637,16.626818279135446
station_22,Mamsha Azure 3,90,81,76,11.693870312471905,12.194108322373465,11.079383943429153,13.33998644506901,17.794586453422358,16.422049228431778,18.134039466148824,13.070568465349298,8.453950617283951,7.924171699330294,11.213207284380163,14.731254061078623,13.498429611128959,15.319773686982806,10.081764909580901
station_27,Sheleila,30,291,16,12.33792986049214,12.555055552695555,11.865082042443268,17.469595566851183,32.44640278005069,30.00754742474569,124.26935866857329,22.470492072827124,9.467079037800687,9.334504085322703,15.169043066967973,29.253240979381435,26.958390025103085,100.45565714580128,18.369563503932536
station_27,Sheleila,90,231,76,12.109038879090932,12.373207019526182,11.57399414977186,12.014231453552712,20.03381153049147,18.542516025731583,48.898160827596634,36.23031747712329,9.174891774891774,9.098987815182499,9.57756711494224,16.836248006379584,15.56217986628276,43.86822279537148,32.204146759754195
