target,name,K,n_test,n_all,rmse_all_persistence,rmse_all_ridge,rmse_all_lstm,mae_all_persistence,mae_all_ridge,mae_all_lstm,n_normal,rmse_normal_persistence,rmse_normal_ridge,rmse_normal_lstm,mae_normal_persistence,mae_normal_ridge,mae_normal_lstm,n_ext,rmse_ext_persistence,rmse_ext_ridge,rmse_ext_lstm,mae_ext_persistence,mae_ext_ridge,mae_ext_lstm,n_onset,rmse_onset_persistence,rmse_onset_ridge,rmse_onset_lstm,mae_onset_persistence,mae_onset_ridge,mae_onset_lstm,n_extrel,rmse_extrel_persistence,rmse_extrel_ridge,rmse_extrel_lstm,mae_extrel_persistence,mae_extrel_ridge,mae_extrel_lstm
station_12,CITIES@Saadiyat,30,565,565,12.028233342645658,11.553971487615222,11.784499067287761,8.789185840707963,8.98730218398107,9.053713978185064,551,11.639953263575478,10.646577087911893,10.76254122088321,8.602631578947367,8.509764840318914,8.515450393759837,14,22.502578264977295,30.43567414545539,32.33800570879092,16.131428571428568,27.7818076381131,30.238230765206477,7,29.20242529066966,36.376937377540955,36.27140529654582,24.592857142857138,33.99848372807313,32.75657209123884,59,18.084341995873913,21.14632270944084,21.507440742283308,13.892033898305087,18.205710099283902,18.430257224390058
station_12,CITIES@Saadiyat,90,505,505,12.19209339638352,11.604956795792445,11.742653762116767,8.905663366336634,9.036243986723665,9.043359113183353,492,11.80422300242828,10.663125726595618,10.642677298999406,8.730792682926829,8.545417302641974,8.476908169412999,13,22.380766983488986,30.469883111490326,32.70762187198381,15.523846153846154,27.61214618427691,30.481348677415113,6,29.977854604135146,37.3356988683138,37.58568608559177,24.686666666666667,34.66699659308805,33.70305302937826,55,18.352817519636893,21.302319588655653,21.758901808909748,14.037636363636365,18.32338676344506,18.629426477605644
station_13,CITIES@Lycee Francais Theodore Monod International School,30,594,594,12.133064224454904,11.477989246262172,11.637988497267253,8.984444444444446,8.941834526808004,8.919261571325437,576,11.811504484799743,10.532487950007548,10.569046506021962,8.828541666666666,8.403649068818035,8.31799364262157,18,19.839323185140273,28.243479746403377,29.91755015332573,13.973333333333333,26.16376918248692,28.159835289849173,8,27.612641805883044,33.19629952646754,33.47713445510594,23.466250000000002,30.86795097278692,30.532414207458494,61,18.444965815485432,21.34853055860376,22.56004887044034,14.578688524590163,18.79574209515276,19.988396925379018
station_13,CITIES@Lycee Francais Theodore Monod International School,90,534,534,12.28736598793038,11.600764803222686,11.814429804832704,9.147228464419474,9.059955582221033,9.06151333326704,516,11.938002183113849,10.55678816840193,10.640809699943356,8.978875968992249,8.46331092174664,8.395292799897897,18,19.839323185140273,28.243479746403377,29.91755015332573,13.973333333333333,26.16376918248692,28.159835289849173,8,27.612641805883044,33.19629952646754,33.47713445510594,23.466250000000002,30.86795097278692,30.532414207458494,60,18.003631902109827,21.14468129321648,22.335491269504757,14.2195,18.588456579438585,19.765296045939127
station_14,CITIES@West Yas Island,30,387,387,12.513374622556636,11.816025734865612,12.261471860508152,9.419095607235143,9.143452134219473,9.181735632056107,376,11.809693942293269,10.44876446530056,10.746561411322395,9.03343085106383,8.490544091831232,8.457866606205068,11,27.232873183308843,34.35366115798254,36.6299703187545,22.601818181818185,31.461036128581124,33.924895061146124,6,35.42098765797852,40.831132205537095,42.78428028366052,32.593333333333334,39.99613322281805,41.615587793986,37,19.865042295585614,22.90826981594938,24.777565809897542,15.98675675675676,19.11833188508911,20.887470950564826
station_14,CITIES@West Yas Island,90,327,327,12.535055797770148,11.652379981007515,12.164968294666936,9.34874617737003,8.973448135057351,9.07795837565664,319,11.704227232488178,10.227857821914894,10.561399750895516,8.920971786833856,8.337696281473372,8.361943932655837,8,30.9864137566773,37.13000394063253,40.014529848264914,26.406250000000007,34.324053296718546,37.629034290313726,5,38.21118108616901,42.49641276893064,44.77069333107697,36.096000000000004,41.75560778262818,43.73905075073242,24,23.308531163503204,25.13332640396417,27.223225875961486,19.245833333333334,21.09263528276976,23.20866251627604
station_15,CITIES@Khalifa City 1,30,367,367,20.42504864771637,18.079328019477362,17.942871002624166,13.572833787465939,12.639038010307296,12.729600088135099,338,17.4910706212996,13.990909264867376,13.878502098686958,11.864615384615384,10.660859980079529,10.76359588645619,29,41.39762041303907,43.07027060307467,42.770952172557315,33.48241379310345,35.69504401778957,35.64371802494444,19,45.49658905664768,48.617127348839425,48.6317207676968,39.59947368421052,43.74322173820703,43.75770754362407,38,37.023302725943324,38.707654208535025,38.46024980134138,28.806052631578943,31.05700685675497,31.037378772936364
station_15,CITIES@Khalifa City 1,90,307,307,21.486237827058325,18.891308009311622,18.755933483904872,14.184527687296416,13.022924365312571,13.187557749794827,282,18.156220677519322,14.367574475231564,14.270547780954644,12.190744680851063,10.82939990365206,11.018627100193752,25,44.1670914595924,45.32114595283282,44.9751580153525,36.674400000000006,37.76588029284314,37.653095477294926,17,47.639611422329935,50.34877266707217,50.352962593018916,42.16235294117647,45.37877015973805,45.37293529734892,31,40.413693822602966,41.488340840574764,40.99549477459406,32.52548387096774,33.57354224141351,33.13843114053049
station_16,CITIES@Khalifa City 2,30,329,329,18.518673226090232,16.947053552743526,16.99408597756197,13.060273556231003,12.252209815476268,12.381141714774367,300,16.299310936355564,13.459369799365343,13.53419932000272,11.660833333333333,10.448715700736509,10.529582234446206,29,33.7982925502213,37.205520871613466,37.168067441124855,27.53724137931034,30.909045485197932,31.53520530437601,19,33.73975641817668,35.24445942687736,35.54520251758438,29.585789473684212,32.58627104615897,32.431025591398544,31,32.83161640071763,36.07428275010601,36.11145694790181,26.48806451612903,29.528989307406878,30.36534788562405
station_16,CITIES@Khalifa City 2,90,269,269,19.31623873352183,17.52611268179311,17.576837644120637,13.420817843866171,12.389447176914507,12.599654327732924,249,16.641617437127163,13.724368936724014,13.932634780518084,11.73875502008032,10.504393138511041,10.739768013092409,20,39.62926942299088,42.26468203333201,41.695806103152385,34.3625,35.85836995503762,35.75523894500732,14,38.1203749419426,38.62220197701763,38.48989332512421,34.895714285714284,36.55794396367289,35.70565439496722,21,38.81956079092086,41.270937262087976,40.77645673561772,33.458571428571425,34.46319120498206,34.62858835129511
station_17,CITIES@Sas Al Nakhl,30,350,350,10.65030658177098,10.185138742956823,10.109157854519822,7.908628571428571,8.076251333133987,7.892890249851771,346,10.34286204953554,9.603521623212815,9.442470709224551,7.765549132947977,7.791067018401179,7.582233771836825,4,,,,,,,3,,,,,,,36,15.0418915033981,17.45549260247706,17.72387686317963,11.894444444444442,14.625814207480381,14.403202370537652
station_17,CITIES@Sas Al Nakhl,90,290,290,10.340353608973954,9.890101105996814,9.848715578232698,7.652103448275862,7.84162481687326,7.72452793252879,287,10.026377215609156,9.33588135247805,9.206928942751766,7.529651567944252,7.57989234523379,7.437246599895198,3,,,,,,,2,,,,,,,23,16.255270717123,18.736887994687763,19.367509152854932,12.820869565217386,15.957030346488079,16.274005863355555
station_18,CITIES@Al Danah,30,310,310,12.29631412122112,11.337248022489911,11.707232470391213,9.15241935483871,8.698893014462163,8.901736112286967,304,11.830075980202679,10.513648665733582,10.832766410848851,8.923848684210526,8.291560572228716,8.482505644497119,6,26.853874953160858,32.254457137113974,33.70048666770243,20.733333333333334,29.337070087623392,30.142746480305988,3,,,,,,,29,17.14818870499357,18.83421593484554,19.436970190973483,13.256206896551722,14.637683620533274,15.074062373720366
station_18,CITIES@Al Danah,90,271,271,12.448336111935584,11.462228892962159,11.833485422104257,9.23678966789668,8.697290583207709,8.961694359867334,265,11.922337826336033,10.526267105637046,10.839161427720162,8.976490566037738,8.22997482084358,8.482123368461176,6,26.853874953160858,32.254457137113974,33.70048666770243,20.733333333333334,29.337070087623392,30.142746480305988,3,,,,,,,28,17.327466738430882,19.167445728701722,19.775792504748548,13.336785714285712,15.146366263864426,15.526533835274833
station_19,CITIES@Shakhbout[31],30,327,327,9.844875007554595,9.557835903941841,9.654338510170733,7.397920489296636,7.398810081495051,7.24990382529909,325,9.83825935198514,9.34223718586431,9.392581454553445,7.3864,7.278833940440143,7.111357696533204,2,,,,,,,1,,,,,,,28,16.327763275214046,17.869410824643495,18.642327256877188,13.6725,15.655434221484288,16.399058916909354
station_19,CITIES@Shakhbout[31],90,267,267,9.770016963172282,9.416372783598451,9.59543625130706,7.292883895131086,7.2693725610031725,7.194536098237341,265,9.761272960598978,9.14605837304242,9.270886893888775,7.277962264150943,7.121255123705706,7.024203165018333,2,,,,,,,1,,,,,,,21,17.77432257097701,19.070183802317228,19.862463249415832,15.435238095238091,17.305568144179503,17.98275319054013
station_20,Abu dhabi al muzoon,30,242,242,11.300214389467746,10.753514988088792,11.118009357558062,8.25198347107438,8.355315545069613,8.26360343838526,238,10.522053161388818,9.720356676030885,9.935997622417974,7.982563025210084,7.899486838196596,7.747238259515842,4,,,,,,,2,,,,,,,25,19.832688168778333,19.507320692008328,20.740405433227075,14.8472,15.528554358581186,16.380453152465822
station_20,Abu dhabi al muzoon,90,183,183,11.955186793054745,11.263740485845197,11.800476097302557,8.57535519125683,8.561924668379731,8.652167688588628,179,10.985829572528788,9.949773725979103,10.320465065622923,8.224357541899442,7.960467708924212,7.974286931213721,4,,,,,,,2,,,,,,,25,19.832688168778333,19.507320692008328,20.740405697181064,14.8472,15.528554358581186,16.38045338134766
station_21,CITIES@Bateen-BWA,30,215,215,16.434843133939836,14.71581803519549,14.93162151115647,11.354790697674417,10.663097826863732,10.525448430970657,206,14.693266306620918,12.34162455056728,12.320776819422731,10.442912621359222,9.483030629860748,9.277370746945873,9,38.8710223402701,41.07223461571596,43.02950727809869,32.22666666666666,37.67352478048763,39.09255986531575,6,47.32635928669492,47.5679662912825,49.28079228420545,44.79833333333334,46.457564536488945,47.85826792399089,23,29.023202636930815,30.36063040946694,31.270780154635307,23.921304347826084,26.072608328276413,26.16733761994735
station_21,CITIES@Bateen-BWA,90,155,155,17.82374798570897,15.925398304044917,16.139661054496496,12.268774193548387,11.34936509576612,11.248920215729745,146,15.62460331551247,12.85548817296571,12.744027609757183,11.03849315068493,9.726642923420272,9.53253140488716,9,38.8710223402701,41.07223461571596,43.02950814268145,32.22666666666666,37.67352478048763,39.09256092495388,6,47.32635928669492,47.5679662912825,49.28079259309677,44.79833333333334,46.457564536488945,47.85826824188232,22,29.431010083676274,30.72052768516493,31.699120713720255,24.19818181818182,26.306278290856586,26.465499264110214
station_22,Mamsha Azure 3,30,141,141,13.749459924918883,12.37614897509997,13.035579942960663,9.837872340425532,8.814581392275489,9.387013094205383,135,12.890902304424706,10.648505234814882,11.073672732875545,9.323925925925925,7.912117972820951,8.416279080991394,6,26.52685588857702,32.37565531550828,35.130883410117576,21.40166666666667,29.120008330002616,31.228528391520182,3,,,,,,,13,25.38752585879076,26.850844955820445,28.541307614763152,21.5423076923077,23.789834537928037,24.363318986159108
station_22,Mamsha Azure 3,90,81,81,12.194108322373465,11.079415674908194,11.693870312471905,8.453950617283951,7.9241841991507656,8.734130850897895,78,12.037652680289543,9.777448406578118,10.322963928975717,8.276923076923078,7.131109772529192,7.905765804388586,3,,,,,,,1,,,,,,,4,,,,,,
station_27,Sheleila,30,291,291,12.555055552695555,11.867285728109323,12.33792986049214,9.467079037800687,9.334892022005764,9.355186736116705,282,12.048177314255657,10.670877132914153,11.172760972805634,9.13049645390071,8.670435849174208,8.707824754106237,9,23.41756842866294,31.396355827497175,31.789424528202836,20.013333333333335,30.1545187707279,29.639195505777998,6,27.6022991192159,33.0943029263987,33.428435077513335,25.348333333333333,32.299539361496095,32.43682757059733,21,18.10147770868708,23.844144752157643,24.05296852559518,14.868571428571432,21.571342348434833,21.292093854631695
station_27,Sheleila,90,231,231,12.373207019526182,11.577064739405591,12.109038879090933,9.174891774891774,9.099625715773975,9.127954929896763,224,11.784051135357242,10.323285304796444,10.992960739053444,8.821383928571429,8.438266949026964,8.52389214175088,7,24.66845672397966,31.822807856277752,31.17218630533036,20.487142857142853,30.26310625167829,28.457964150565008,4,,,,,,,12,20.181913107202366,26.292668856663045,25.771409381408258,16.206666666666663,23.882497320901233,22.801779390970864
