target,name,hidden,dropout,config,seed,K,n_test,persistence,ridge,lstm
station_12,CITIES@Saadiyat,32,0.1,h32_d0.1,42,30,565,12.028233342645658,11.553971487615222,11.934328442739016
station_12,CITIES@Saadiyat,32,0.1,h32_d0.1,42,90,505,12.19209339638352,11.604956795792445,11.904614533411449
station_13,CITIES@Lycee Francais Theodore Monod International School,32,0.1,h32_d0.1,42,30,594,12.133064224454904,11.477989246262172,11.782662871925229
station_13,CITIES@Lycee Francais Theodore Monod International School,32,0.1,h32_d0.1,42,90,534,12.28736598793038,11.600764803222686,11.901395659087626
station_14,CITIES@West Yas Island,32,0.1,h32_d0.1,42,30,387,12.513374622556636,11.816025734865612,11.949757811039888
station_14,CITIES@West Yas Island,32,0.1,h32_d0.1,42,90,327,12.535055797770148,11.652379981007515,11.785681302121207
station_15,CITIES@Khalifa City 1,32,0.1,h32_d0.1,42,30,367,20.42504864771637,18.079328019477362,17.53284180741092
station_15,CITIES@Khalifa City 1,32,0.1,h32_d0.1,42,90,307,21.486237827058325,18.891308009311622,18.270657989358696
station_16,CITIES@Khalifa City 2,32,0.1,h32_d0.1,42,30,329,18.518673226090232,16.947053552743526,16.703138685641356
station_16,CITIES@Khalifa City 2,32,0.1,h32_d0.1,42,90,269,19.31623873352183,17.52611268179311,17.227363936418268
station_17,CITIES@Sas Al Nakhl,32,0.1,h32_d0.1,42,30,350,10.65030658177098,10.185138742956823,10.332529456942178
station_17,CITIES@Sas Al Nakhl,32,0.1,h32_d0.1,42,90,290,10.340353608973954,9.890101105996814,9.94811170229425
station_18,CITIES@Al Danah,32,0.1,h32_d0.1,42,30,310,12.29631412122112,11.337248022489911,11.720991191247666
station_18,CITIES@Al Danah,32,0.1,h32_d0.1,42,90,271,12.448336111935584,11.462228892962159,11.869899145107725
station_19,CITIES@Shakhbout[31],32,0.1,h32_d0.1,42,30,327,9.844875007554595,9.557835903941841,9.639712170564428
station_19,CITIES@Shakhbout[31],32,0.1,h32_d0.1,42,90,267,9.770016963172282,9.416372783598451,9.547056267521771
station_20,Abu dhabi al muzoon,32,0.1,h32_d0.1,42,30,242,11.300214389467746,10.753514988088792,11.029283043699559
station_20,Abu dhabi al muzoon,32,0.1,h32_d0.1,42,90,183,11.955186793054745,11.263740485845197,11.708151424188282
station_21,CITIES@Bateen-BWA,32,0.1,h32_d0.1,42,30,215,16.434843133939836,14.71581803519549,14.6358917323244
station_21,CITIES@Bateen-BWA,32,0.1,h32_d0.1,42,90,155,17.82374798570897,15.925398304044917,15.824136162202375
station_22,Mamsha Azure 3,32,0.1,h32_d0.1,42,30,141,13.749459924918883,12.37614897509997,12.979771235996703
station_22,Mamsha Azure 3,32,0.1,h32_d0.1,42,90,81,12.194108322373465,11.079415674908194,11.784026010868814
station_27,Sheleila,32,0.1,h32_d0.1,42,30,291,12.555055552695555,11.867285728109323,12.621151865469034
station_27,Sheleila,32,0.1,h32_d0.1,42,90,231,12.373207019526182,11.577064739405591,12.44511569165875
station_12,CITIES@Saadiyat,32,0.2,h32_d0.2,42,30,565,12.028233342645658,11.553971487615222,11.856004580059466
station_12,CITIES@Saadiyat,32,0.2,h32_d0.2,42,90,505,12.19209339638352,11.604956795792445,11.827045434925056
station_13,CITIES@Lycee Francais Theodore Monod International School,32,0.2,h32_d0.2,42,30,594,12.133064224454904,11.477989246262172,11.69350480366612
station_13,CITIES@Lycee Francais Theodore Monod International School,32,0.2,h32_d0.2,42,90,534,12.28736598793038,11.600764803222686,11.821443226242604
station_14,CITIES@West Yas Island,32,0.2,h32_d0.2,42,30,387,12.513374622556636,11.816025734865612,12.057378938164629
station_14,CITIES@West Yas Island,32,0.2,h32_d0.2,42,90,327,12.535055797770148,11.652379981007515,11.940914890943088
station_15,CITIES@Khalifa City 1,32,0.2,h32_d0.2,42,30,367,20.42504864771637,18.079328019477362,17.428069959771936
station_15,CITIES@Khalifa City 1,32,0.2,h32_d0.2,42,90,307,21.486237827058325,18.891308009311622,18.161846165186606
station_16,CITIES@Khalifa City 2,32,0.2,h32_d0.2,42,30,329,18.518673226090232,16.947053552743526,16.603563426974794
station_16,CITIES@Khalifa City 2,32,0.2,h32_d0.2,42,90,269,19.31623873352183,17.52611268179311,17.12894224169217
station_17,CITIES@Sas Al Nakhl,32,0.2,h32_d0.2,42,30,350,10.65030658177098,10.185138742956823,10.399264004419663
station_17,CITIES@Sas Al Nakhl,32,0.2,h32_d0.2,42,90,290,10.340353608973954,9.890101105996814,10.011320196487981
station_18,CITIES@Al Danah,32,0.2,h32_d0.2,42,30,310,12.29631412122112,11.337248022489911,11.667520294114322
station_18,CITIES@Al Danah,32,0.2,h32_d0.2,42,90,271,12.448336111935584,11.462228892962159,11.810219515170305
station_19,CITIES@Shakhbout[31],32,0.2,h32_d0.2,42,30,327,9.844875007554595,9.557835903941841,9.554300661689808
station_19,CITIES@Shakhbout[31],32,0.2,h32_d0.2,42,90,267,9.770016963172282,9.416372783598451,9.435811992745428
station_20,Abu dhabi al muzoon,32,0.2,h32_d0.2,42,30,242,11.300214389467746,10.753514988088792,11.024902598618155
station_20,Abu dhabi al muzoon,32,0.2,h32_d0.2,42,90,183,11.955186793054745,11.263740485845197,11.68105046930546
station_21,CITIES@Bateen-BWA,32,0.2,h32_d0.2,42,30,215,16.434843133939836,14.71581803519549,14.656020725819642
station_21,CITIES@Bateen-BWA,32,0.2,h32_d0.2,42,90,155,17.82374798570897,15.925398304044917,15.814269288882082
station_22,Mamsha Azure 3,32,0.2,h32_d0.2,42,30,141,13.749459924918883,12.37614897509997,12.914856259534284
station_22,Mamsha Azure 3,32,0.2,h32_d0.2,42,90,81,12.194108322373465,11.079415674908194,11.815834720222897
station_27,Sheleila,32,0.2,h32_d0.2,42,30,291,12.555055552695555,11.867285728109323,12.277125677758221
station_27,Sheleila,32,0.2,h32_d0.2,42,90,231,12.373207019526182,11.577064739405591,11.961096648228631
station_12,CITIES@Saadiyat,32,0.3,h32_d0.3,42,30,565,12.028233342645658,11.553971487615222,11.738184187453049
station_12,CITIES@Saadiyat,32,0.3,h32_d0.3,42,90,505,12.19209339638352,11.604956795792445,11.766888574322376
station_13,CITIES@Lycee Francais Theodore Monod International School,32,0.3,h32_d0.3,42,30,594,12.133064224454904,11.477989246262172,11.66362332442031
station_13,CITIES@Lycee Francais Theodore Monod International School,32,0.3,h32_d0.3,42,90,534,12.28736598793038,11.600764803222686,11.817317009540277
station_14,CITIES@West Yas Island,32,0.3,h32_d0.3,42,30,387,12.513374622556636,11.816025734865612,11.984706714585583
station_14,CITIES@West Yas Island,32,0.3,h32_d0.3,42,90,327,12.535055797770148,11.652379981007515,11.813510835323925
station_15,CITIES@Khalifa City 1,32,0.3,h32_d0.3,42,30,367,20.42504864771637,18.079328019477362,17.7035195747366
station_15,CITIES@Khalifa City 1,32,0.3,h32_d0.3,42,90,307,21.486237827058325,18.891308009311622,18.44695163073931
station_16,CITIES@Khalifa City 2,32,0.3,h32_d0.3,42,30,329,18.518673226090232,16.947053552743526,16.829457002441377
station_16,CITIES@Khalifa City 2,32,0.3,h32_d0.3,42,90,269,19.31623873352183,17.52611268179311,17.33926769849161
station_17,CITIES@Sas Al Nakhl,32,0.3,h32_d0.3,42,30,350,10.65030658177098,10.185138742956823,10.47058194881791
station_17,CITIES@Sas Al Nakhl,32,0.3,h32_d0.3,42,90,290,10.340353608973954,9.890101105996814,10.142434654157105
station_18,CITIES@Al Danah,32,0.3,h32_d0.3,42,30,310,12.29631412122112,11.337248022489911,11.709926041927156
station_18,CITIES@Al Danah,32,0.3,h32_d0.3,42,90,271,12.448336111935584,11.462228892962159,11.8528662918978
station_19,CITIES@Shakhbout[31],32,0.3,h32_d0.3,42,30,327,9.844875007554595,9.557835903941841,9.691732442798154
station_19,CITIES@Shakhbout[31],32,0.3,h32_d0.3,42,90,267,9.770016963172282,9.416372783598451,9.566593061517729
station_20,Abu dhabi al muzoon,32,0.3,h32_d0.3,42,30,242,11.300214389467746,10.753514988088792,11.043377057984996
station_20,Abu dhabi al muzoon,32,0.3,h32_d0.3,42,90,183,11.955186793054745,11.263740485845197,11.622110557606193
station_21,CITIES@Bateen-BWA,32,0.3,h32_d0.3,42,30,215,16.434843133939836,14.71581803519549,14.347695566694487
station_21,CITIES@Bateen-BWA,32,0.3,h32_d0.3,42,90,155,17.82374798570897,15.925398304044917,15.560230183027855
station_22,Mamsha Azure 3,32,0.3,h32_d0.3,42,30,141,13.749459924918883,12.37614897509997,12.91935327342358
station_22,Mamsha Azure 3,32,0.3,h32_d0.3,42,90,81,12.194108322373465,11.079415674908194,11.76696634309039
station_27,Sheleila,32,0.3,h32_d0.3,42,30,291,12.555055552695555,11.867285728109323,12.101124551519508
station_27,Sheleila,32,0.3,h32_d0.3,42,90,231,12.373207019526182,11.577064739405591,11.844896687916108
station_12,CITIES@Saadiyat,64,0.1,h64_d0.1,42,30,565,12.028233342645658,11.553971487615222,11.74447071588007
station_12,CITIES@Saadiyat,64,0.1,h64_d0.1,42,90,505,12.19209339638352,11.604956795792445,11.72560850868483
station_13,CITIES@Lycee Francais Theodore Monod International School,64,0.1,h64_d0.1,42,30,594,12.133064224454904,11.477989246262172,11.931082377224667
station_13,CITIES@Lycee Francais Theodore Monod International School,64,0.1,h64_d0.1,42,90,534,12.28736598793038,11.600764803222686,12.083319819994557
station_14,CITIES@West Yas Island,64,0.1,h64_d0.1,42,30,387,12.513374622556636,11.816025734865612,12.59601631285678
station_14,CITIES@West Yas Island,64,0.1,h64_d0.1,42,90,327,12.535055797770148,11.652379981007515,12.544918800252693
station_15,CITIES@Khalifa City 1,64,0.1,h64_d0.1,42,30,367,20.42504864771637,18.079328019477362,18.12202387435272
station_15,CITIES@Khalifa City 1,64,0.1,h64_d0.1,42,90,307,21.486237827058325,18.891308009311622,18.9442403361892
station_16,CITIES@Khalifa City 2,64,0.1,h64_d0.1,42,30,329,18.518673226090232,16.947053552743526,17.229543871670042
station_16,CITIES@Khalifa City 2,64,0.1,h64_d0.1,42,90,269,19.31623873352183,17.52611268179311,17.827681902253513
station_17,CITIES@Sas Al Nakhl,64,0.1,h64_d0.1,42,30,350,10.65030658177098,10.185138742956823,10.129951157841697
station_17,CITIES@Sas Al Nakhl,64,0.1,h64_d0.1,42,90,290,10.340353608973954,9.890101105996814,9.869765005985155
station_18,CITIES@Al Danah,64,0.1,h64_d0.1,42,30,310,12.29631412122112,11.337248022489911,12.073279883125855
station_18,CITIES@Al Danah,64,0.1,h64_d0.1,42,90,271,12.448336111935584,11.462228892962159,12.203036101158109
station_19,CITIES@Shakhbout[31],64,0.1,h64_d0.1,42,30,327,9.844875007554595,9.557835903941841,10.015286573130838
station_19,CITIES@Shakhbout[31],64,0.1,h64_d0.1,42,90,267,9.770016963172282,9.416372783598451,9.961079828155777
station_20,Abu dhabi al muzoon,64,0.1,h64_d0.1,42,30,242,11.300214389467746,10.753514988088792,11.147831028030852
station_20,Abu dhabi al muzoon,64,0.1,h64_d0.1,42,90,183,11.955186793054745,11.263740485845197,11.823711860206759
station_21,CITIES@Bateen-BWA,64,0.1,h64_d0.1,42,30,215,16.434843133939836,14.71581803519549,15.392111927086361
station_21,CITIES@Bateen-BWA,64,0.1,h64_d0.1,42,90,155,17.82374798570897,15.925398304044917,16.592997727952206
station_22,Mamsha Azure 3,64,0.1,h64_d0.1,42,30,141,13.749459924918883,12.37614897509997,13.169547558754777
station_22,Mamsha Azure 3,64,0.1,h64_d0.1,42,90,81,12.194108322373465,11.079415674908194,11.632028484016102
station_27,Sheleila,64,0.1,h64_d0.1,42,30,291,12.555055552695555,11.867285728109323,12.488072492845381
station_27,Sheleila,64,0.1,h64_d0.1,42,90,231,12.373207019526182,11.577064739405591,12.155526146371363
station_12,CITIES@Saadiyat,64,0.2,h64_d0.2,42,30,565,12.028233342645658,11.553971487615222,11.784499067287761
station_12,CITIES@Saadiyat,64,0.2,h64_d0.2,42,90,505,12.19209339638352,11.604956795792445,11.742653762116767
station_13,CITIES@Lycee Francais Theodore Monod International School,64,0.2,h64_d0.2,42,30,594,12.133064224454904,11.477989246262172,11.637988497267253
station_13,CITIES@Lycee Francais Theodore Monod International School,64,0.2,h64_d0.2,42,90,534,12.28736598793038,11.600764803222686,11.814429804832704
station_14,CITIES@West Yas Island,64,0.2,h64_d0.2,42,30,387,12.513374622556636,11.816025734865612,12.261471860508152
station_14,CITIES@West Yas Island,64,0.2,h64_d0.2,42,90,327,12.535055797770148,11.652379981007515,12.164968294666936
station_15,CITIES@Khalifa City 1,64,0.2,h64_d0.2,42,30,367,20.42504864771637,18.079328019477362,17.942871002624166
station_15,CITIES@Khalifa City 1,64,0.2,h64_d0.2,42,90,307,21.486237827058325,18.891308009311622,18.755933483904872
station_16,CITIES@Khalifa City 2,64,0.2,h64_d0.2,42,30,329,18.518673226090232,16.947053552743526,16.99408597756197
station_16,CITIES@Khalifa City 2,64,0.2,h64_d0.2,42,90,269,19.31623873352183,17.52611268179311,17.576837644120637
station_17,CITIES@Sas Al Nakhl,64,0.2,h64_d0.2,42,30,350,10.65030658177098,10.185138742956823,10.109157854519822
station_17,CITIES@Sas Al Nakhl,64,0.2,h64_d0.2,42,90,290,10.340353608973954,9.890101105996814,9.848715578232698
station_18,CITIES@Al Danah,64,0.2,h64_d0.2,42,30,310,12.29631412122112,11.337248022489911,11.707232470391213
station_18,CITIES@Al Danah,64,0.2,h64_d0.2,42,90,271,12.448336111935584,11.462228892962159,11.833485422104257
station_19,CITIES@Shakhbout[31],64,0.2,h64_d0.2,42,30,327,9.844875007554595,9.557835903941841,9.654338510170733
station_19,CITIES@Shakhbout[31],64,0.2,h64_d0.2,42,90,267,9.770016963172282,9.416372783598451,9.59543625130706
station_20,Abu dhabi al muzoon,64,0.2,h64_d0.2,42,30,242,11.300214389467746,10.753514988088792,11.118009357558062
station_20,Abu dhabi al muzoon,64,0.2,h64_d0.2,42,90,183,11.955186793054745,11.263740485845197,11.800476097302557
station_21,CITIES@Bateen-BWA,64,0.2,h64_d0.2,42,30,215,16.434843133939836,14.71581803519549,14.93162151115647
station_21,CITIES@Bateen-BWA,64,0.2,h64_d0.2,42,90,155,17.82374798570897,15.925398304044917,16.139661054496496
station_22,Mamsha Azure 3,64,0.2,h64_d0.2,42,30,141,13.749459924918883,12.37614897509997,13.035579942960663
station_22,Mamsha Azure 3,64,0.2,h64_d0.2,42,90,81,12.194108322373465,11.079415674908194,11.693870312471905
station_27,Sheleila,64,0.2,h64_d0.2,42,30,291,12.555055552695555,11.867285728109323,12.33792986049214
station_27,Sheleila,64,0.2,h64_d0.2,42,90,231,12.373207019526182,11.577064739405591,12.109038879090933
station_12,CITIES@Saadiyat,64,0.3,h64_d0.3,42,30,565,12.028233342645658,11.553971487615222,11.5913644911553
station_12,CITIES@Saadiyat,64,0.3,h64_d0.3,42,90,505,12.19209339638352,11.604956795792445,11.665240705258734
station_13,CITIES@Lycee Francais Theodore Monod International School,64,0.3,h64_d0.3,42,30,594,12.133064224454904,11.477989246262172,11.56929419097728
station_13,CITIES@Lycee Francais Theodore Monod International School,64,0.3,h64_d0.3,42,90,534,12.28736598793038,11.600764803222686,11.726257701320966
station_14,CITIES@West Yas Island,64,0.3,h64_d0.3,42,30,387,12.513374622556636,11.816025734865612,12.155813658472955
station_14,CITIES@West Yas Island,64,0.3,h64_d0.3,42,90,327,12.535055797770148,11.652379981007515,12.026886793930318
station_15,CITIES@Khalifa City 1,64,0.3,h64_d0.3,42,30,367,20.42504864771637,18.079328019477362,17.824820363169124
station_15,CITIES@Khalifa City 1,64,0.3,h64_d0.3,42,90,307,21.486237827058325,18.891308009311622,18.61904111476375
station_16,CITIES@Khalifa City 2,64,0.3,h64_d0.3,42,30,329,18.518673226090232,16.947053552743526,16.951051559672624
station_16,CITIES@Khalifa City 2,64,0.3,h64_d0.3,42,90,269,19.31623873352183,17.52611268179311,17.510796618844214
station_17,CITIES@Sas Al Nakhl,64,0.3,h64_d0.3,42,30,350,10.65030658177098,10.185138742956823,10.501870802245355
station_17,CITIES@Sas Al Nakhl,64,0.3,h64_d0.3,42,90,290,10.340353608973954,9.890101105996814,10.205239542776152
station_18,CITIES@Al Danah,64,0.3,h64_d0.3,42,30,310,12.29631412122112,11.337248022489911,11.882045488734029
station_18,CITIES@Al Danah,64,0.3,h64_d0.3,42,90,271,12.448336111935584,11.462228892962159,11.98632606132602
station_19,CITIES@Shakhbout[31],64,0.3,h64_d0.3,42,30,327,9.844875007554595,9.557835903941841,9.852231098156516
station_19,CITIES@Shakhbout[31],64,0.3,h64_d0.3,42,90,267,9.770016963172282,9.416372783598451,9.781108375352423
station_20,Abu dhabi al muzoon,64,0.3,h64_d0.3,42,30,242,11.300214389467746,10.753514988088792,11.124842172226415
station_20,Abu dhabi al muzoon,64,0.3,h64_d0.3,42,90,183,11.955186793054745,11.263740485845197,11.81337713138216
station_21,CITIES@Bateen-BWA,64,0.3,h64_d0.3,42,30,215,16.434843133939836,14.71581803519549,15.36003742950253
station_21,CITIES@Bateen-BWA,64,0.3,h64_d0.3,42,90,155,17.82374798570897,15.925398304044917,16.468721651664772
station_22,Mamsha Azure 3,64,0.3,h64_d0.3,42,30,141,13.749459924918883,12.37614897509997,13.008150438471493
station_22,Mamsha Azure 3,64,0.3,h64_d0.3,42,90,81,12.194108322373465,11.079415674908194,11.919974386005489
station_27,Sheleila,64,0.3,h64_d0.3,42,30,291,12.555055552695555,11.867285728109323,12.248257902216055
station_27,Sheleila,64,0.3,h64_d0.3,42,90,231,12.373207019526182,11.577064739405591,11.943063044911232
station_12,CITIES@Saadiyat,128,0.1,h128_d0.1,42,30,565,12.028233342645658,11.553971487615222,12.431015384404612
station_12,CITIES@Saadiyat,128,0.1,h128_d0.1,42,90,505,12.19209339638352,11.604956795792445,12.311115864895127
station_13,CITIES@Lycee Francais Theodore Monod International School,128,0.1,h128_d0.1,42,30,594,12.133064224454904,11.477989246262172,11.977863580048188
station_13,CITIES@Lycee Francais Theodore Monod International School,128,0.1,h128_d0.1,42,90,534,12.28736598793038,11.600764803222686,12.091535907567934
station_14,CITIES@West Yas Island,128,0.1,h128_d0.1,42,30,387,12.513374622556636,11.816025734865612,12.33296889970078
station_14,CITIES@West Yas Island,128,0.1,h128_d0.1,42,90,327,12.535055797770148,11.652379981007515,12.120462049098464
station_15,CITIES@Khalifa City 1,128,0.1,h128_d0.1,42,30,367,20.42504864771637,18.079328019477362,18.017126819278015
station_15,CITIES@Khalifa City 1,128,0.1,h128_d0.1,42,90,307,21.486237827058325,18.891308009311622,18.755785469714795
station_16,CITIES@Khalifa City 2,128,0.1,h128_d0.1,42,30,329,18.518673226090232,16.947053552743526,17.256248350927606
station_16,CITIES@Khalifa City 2,128,0.1,h128_d0.1,42,90,269,19.31623873352183,17.52611268179311,17.73129901841257
station_17,CITIES@Sas Al Nakhl,128,0.1,h128_d0.1,42,30,350,10.65030658177098,10.185138742956823,11.098496242783622
station_17,CITIES@Sas Al Nakhl,128,0.1,h128_d0.1,42,90,290,10.340353608973954,9.890101105996814,10.941842457180208
station_18,CITIES@Al Danah,128,0.1,h128_d0.1,42,30,310,12.29631412122112,11.337248022489911,12.043534817269494
station_18,CITIES@Al Danah,128,0.1,h128_d0.1,42,90,271,12.448336111935584,11.462228892962159,12.155207397271772
station_19,CITIES@Shakhbout[31],128,0.1,h128_d0.1,42,30,327,9.844875007554595,9.557835903941841,10.229681033019567
station_19,CITIES@Shakhbout[31],128,0.1,h128_d0.1,42,90,267,9.770016963172282,9.416372783598451,10.166839276534567
station_20,Abu dhabi al muzoon,128,0.1,h128_d0.1,42,30,242,11.300214389467746,10.753514988088792,11.491686950530225
station_20,Abu dhabi al muzoon,128,0.1,h128_d0.1,42,90,183,11.955186793054745,11.263740485845197,11.962550498073375
station_21,CITIES@Bateen-BWA,128,0.1,h128_d0.1,42,30,215,16.434843133939836,14.71581803519549,15.465947142760958
station_21,CITIES@Bateen-BWA,128,0.1,h128_d0.1,42,90,155,17.82374798570897,15.925398304044917,16.80851985208614
station_22,Mamsha Azure 3,128,0.1,h128_d0.1,42,30,141,13.749459924918883,12.37614897509997,12.917722584277156
station_22,Mamsha Azure 3,128,0.1,h128_d0.1,42,90,81,12.194108322373465,11.079415674908194,11.7478350444969
station_27,Sheleila,128,0.1,h128_d0.1,42,30,291,12.555055552695555,11.867285728109323,12.281995621984608
station_27,Sheleila,128,0.1,h128_d0.1,42,90,231,12.373207019526182,11.577064739405591,11.967938367210811
station_12,CITIES@Saadiyat,128,0.2,h128_d0.2,42,30,565,12.028233342645658,11.553971487615222,12.43813134427639
station_12,CITIES@Saadiyat,128,0.2,h128_d0.2,42,90,505,12.19209339638352,11.604956795792445,12.461121626278073
station_13,CITIES@Lycee Francais Theodore Monod International School,128,0.2,h128_d0.2,42,30,594,12.133064224454904,11.477989246262172,12.558491991327946
station_13,CITIES@Lycee Francais Theodore Monod International School,128,0.2,h128_d0.2,42,90,534,12.28736598793038,11.600764803222686,12.645157998308663
station_14,CITIES@West Yas Island,128,0.2,h128_d0.2,42,30,387,12.513374622556636,11.816025734865612,12.26131939646803
station_14,CITIES@West Yas Island,128,0.2,h128_d0.2,42,90,327,12.535055797770148,11.652379981007515,12.100539373462658
station_15,CITIES@Khalifa City 1,128,0.2,h128_d0.2,42,30,367,20.42504864771637,18.079328019477362,17.949873322718684
station_15,CITIES@Khalifa City 1,128,0.2,h128_d0.2,42,90,307,21.486237827058325,18.891308009311622,18.71923935700061
station_16,CITIES@Khalifa City 2,128,0.2,h128_d0.2,42,30,329,18.518673226090232,16.947053552743526,17.20023917736522
station_16,CITIES@Khalifa City 2,128,0.2,h128_d0.2,42,90,269,19.31623873352183,17.52611268179311,17.757398007012505
station_17,CITIES@Sas Al Nakhl,128,0.2,h128_d0.2,42,30,350,10.65030658177098,10.185138742956823,11.1926400873238
station_17,CITIES@Sas Al Nakhl,128,0.2,h128_d0.2,42,90,290,10.340353608973954,9.890101105996814,10.99517578262515
station_18,CITIES@Al Danah,128,0.2,h128_d0.2,42,30,310,12.29631412122112,11.337248022489911,11.946234251195941
station_18,CITIES@Al Danah,128,0.2,h128_d0.2,42,90,271,12.448336111935584,11.462228892962159,12.113158909185398
station_19,CITIES@Shakhbout[31],128,0.2,h128_d0.2,42,30,327,9.844875007554595,9.557835903941841,9.991392925165654
station_19,CITIES@Shakhbout[31],128,0.2,h128_d0.2,42,90,267,9.770016963172282,9.416372783598451,9.91514565620227
station_20,Abu dhabi al muzoon,128,0.2,h128_d0.2,42,30,242,11.300214389467746,10.753514988088792,10.770480631169479
station_20,Abu dhabi al muzoon,128,0.2,h128_d0.2,42,90,183,11.955186793054745,11.263740485845197,11.479119860663763
station_21,CITIES@Bateen-BWA,128,0.2,h128_d0.2,42,30,215,16.434843133939836,14.71581803519549,15.566651746169061
station_21,CITIES@Bateen-BWA,128,0.2,h128_d0.2,42,90,155,17.82374798570897,15.925398304044917,16.9972335827869
station_22,Mamsha Azure 3,128,0.2,h128_d0.2,42,30,141,13.749459924918883,12.37614897509997,14.098018669572395
station_22,Mamsha Azure 3,128,0.2,h128_d0.2,42,90,81,12.194108322373465,11.079415674908194,12.365492241008678
station_27,Sheleila,128,0.2,h128_d0.2,42,30,291,12.555055552695555,11.867285728109323,12.297163518113885
station_27,Sheleila,128,0.2,h128_d0.2,42,90,231,12.373207019526182,11.577064739405591,11.882638696242124
station_12,CITIES@Saadiyat,128,0.3,h128_d0.3,42,30,565,12.028233342645658,11.553971487615222,12.238562107933499
station_12,CITIES@Saadiyat,128,0.3,h128_d0.3,42,90,505,12.19209339638352,11.604956795792445,12.288406788196966
station_13,CITIES@Lycee Francais Theodore Monod International School,128,0.3,h128_d0.3,42,30,594,12.133064224454904,11.477989246262172,12.266650433184797
station_13,CITIES@Lycee Francais Theodore Monod International School,128,0.3,h128_d0.3,42,90,534,12.28736598793038,11.600764803222686,12.436865335597156
station_14,CITIES@West Yas Island,128,0.3,h128_d0.3,42,30,387,12.513374622556636,11.816025734865612,12.193286539967415
station_14,CITIES@West Yas Island,128,0.3,h128_d0.3,42,90,327,12.535055797770148,11.652379981007515,12.002677144769914
station_15,CITIES@Khalifa City 1,128,0.3,h128_d0.3,42,30,367,20.42504864771637,18.079328019477362,18.02179265084822
station_15,CITIES@Khalifa City 1,128,0.3,h128_d0.3,42,90,307,21.486237827058325,18.891308009311622,18.775918469888897
station_16,CITIES@Khalifa City 2,128,0.3,h128_d0.3,42,30,329,18.518673226090232,16.947053552743526,17.138900519284565
station_16,CITIES@Khalifa City 2,128,0.3,h128_d0.3,42,90,269,19.31623873352183,17.52611268179311,17.66219285429291
station_17,CITIES@Sas Al Nakhl,128,0.3,h128_d0.3,42,30,350,10.65030658177098,10.185138742956823,10.858148775328646
station_17,CITIES@Sas Al Nakhl,128,0.3,h128_d0.3,42,90,290,10.340353608973954,9.890101105996814,10.621275150862148
station_18,CITIES@Al Danah,128,0.3,h128_d0.3,42,30,310,12.29631412122112,11.337248022489911,11.95755741193589
station_18,CITIES@Al Danah,128,0.3,h128_d0.3,42,90,271,12.448336111935584,11.462228892962159,12.042965305863143
station_19,CITIES@Shakhbout[31],128,0.3,h128_d0.3,42,30,327,9.844875007554595,9.557835903941841,10.156903633959814
station_19,CITIES@Shakhbout[31],128,0.3,h128_d0.3,42,90,267,9.770016963172282,9.416372783598451,10.105683804636186
station_20,Abu dhabi al muzoon,128,0.3,h128_d0.3,42,30,242,11.300214389467746,10.753514988088792,11.849365288309144
station_20,Abu dhabi al muzoon,128,0.3,h128_d0.3,42,90,183,11.955186793054745,11.263740485845197,12.623852054772609
station_21,CITIES@Bateen-BWA,128,0.3,h128_d0.3,42,30,215,16.434843133939836,14.71581803519549,15.124614729236542
station_21,CITIES@Bateen-BWA,128,0.3,h128_d0.3,42,90,155,17.82374798570897,15.925398304044917,16.456232179284882
station_22,Mamsha Azure 3,128,0.3,h128_d0.3,42,30,141,13.749459924918883,12.37614897509997,13.39895748634214
station_22,Mamsha Azure 3,128,0.3,h128_d0.3,42,90,81,12.194108322373465,11.079415674908194,12.150337087105616
station_27,Sheleila,128,0.3,h128_d0.3,42,30,291,12.555055552695555,11.867285728109323,12.55087313793254
station_27,Sheleila,128,0.3,h128_d0.3,42,90,231,12.373207019526182,11.577064739405591,12.343448421496497
station_12,CITIES@Saadiyat,32,0.1,h32_d0.1,43,30,565,12.028233342645658,11.553971487615222,11.706791408658503
station_12,CITIES@Saadiyat,32,0.1,h32_d0.1,43,90,505,12.19209339638352,11.604956795792445,11.7038292720582
station_13,CITIES@Lycee Francais Theodore Monod International School,32,0.1,h32_d0.1,43,30,594,12.133064224454904,11.477989246262172,11.696443157012096
station_13,CITIES@Lycee Francais Theodore Monod International School,32,0.1,h32_d0.1,43,90,534,12.28736598793038,11.600764803222686,11.81081215060781
station_14,CITIES@West Yas Island,32,0.1,h32_d0.1,43,30,387,12.513374622556636,11.816025734865612,12.371517323564884
station_14,CITIES@West Yas Island,32,0.1,h32_d0.1,43,90,327,12.535055797770148,11.652379981007515,12.093963556252248
station_15,CITIES@Khalifa City 1,32,0.1,h32_d0.1,43,30,367,20.42504864771637,18.079328019477362,17.81219355486783
station_15,CITIES@Khalifa City 1,32,0.1,h32_d0.1,43,90,307,21.486237827058325,18.891308009311622,18.48228279764996
station_16,CITIES@Khalifa City 2,32,0.1,h32_d0.1,43,30,329,18.518673226090232,16.947053552743526,17.06080237596809
station_16,CITIES@Khalifa City 2,32,0.1,h32_d0.1,43,90,269,19.31623873352183,17.52611268179311,17.42354338485747
station_17,CITIES@Sas Al Nakhl,32,0.1,h32_d0.1,43,30,350,10.65030658177098,10.185138742956823,10.514911419480777
station_17,CITIES@Sas Al Nakhl,32,0.1,h32_d0.1,43,90,290,10.340353608973954,9.890101105996814,10.249002874868921
station_18,CITIES@Al Danah,32,0.1,h32_d0.1,43,30,310,12.29631412122112,11.337248022489911,11.49829280688097
station_18,CITIES@Al Danah,32,0.1,h32_d0.1,43,90,271,12.448336111935584,11.462228892962159,11.600227681913138
station_19,CITIES@Shakhbout[31],32,0.1,h32_d0.1,43,30,327,9.844875007554595,9.557835903941841,9.877400537043334
station_19,CITIES@Shakhbout[31],32,0.1,h32_d0.1,43,90,267,9.770016963172282,9.416372783598451,9.782569582763383
station_20,Abu dhabi al muzoon,32,0.1,h32_d0.1,43,30,242,11.300214389467746,10.753514988088792,10.90345123224572
station_20,Abu dhabi al muzoon,32,0.1,h32_d0.1,43,90,183,11.955186793054745,11.263740485845197,11.62988112629578
station_21,CITIES@Bateen-BWA,32,0.1,h32_d0.1,43,30,215,16.434843133939836,14.71581803519549,15.132756923526108
station_21,CITIES@Bateen-BWA,32,0.1,h32_d0.1,43,90,155,17.82374798570897,15.925398304044917,16.45428948365923
station_22,Mamsha Azure 3,32,0.1,h32_d0.1,43,30,141,13.749459924918883,12.37614897509997,12.644330111869628
station_22,Mamsha Azure 3,32,0.1,h32_d0.1,43,90,81,12.194108322373465,11.079415674908194,11.455749584188345
station_27,Sheleila,32,0.1,h32_d0.1,43,30,291,12.555055552695555,11.867285728109323,11.939058959545461
station_27,Sheleila,32,0.1,h32_d0.1,43,90,231,12.373207019526182,11.577064739405591,11.484798432081638
station_12,CITIES@Saadiyat,32,0.2,h32_d0.2,43,30,565,12.028233342645658,11.553971487615222,11.83341329258801
station_12,CITIES@Saadiyat,32,0.2,h32_d0.2,43,90,505,12.19209339638352,11.604956795792445,11.904874046162437
station_13,CITIES@Lycee Francais Theodore Monod International School,32,0.2,h32_d0.2,43,30,594,12.133064224454904,11.477989246262172,11.656572206221352
station_13,CITIES@Lycee Francais Theodore Monod International School,32,0.2,h32_d0.2,43,90,534,12.28736598793038,11.600764803222686,11.786933314889195
station_14,CITIES@West Yas Island,32,0.2,h32_d0.2,43,30,387,12.513374622556636,11.816025734865612,12.021944744670371
station_14,CITIES@West Yas Island,32,0.2,h32_d0.2,43,90,327,12.535055797770148,11.652379981007515,11.868195213431697
station_15,CITIES@Khalifa City 1,32,0.2,h32_d0.2,43,30,367,20.42504864771637,18.079328019477362,17.68217692444899
station_15,CITIES@Khalifa City 1,32,0.2,h32_d0.2,43,90,307,21.486237827058325,18.891308009311622,18.450344666873786
station_16,CITIES@Khalifa City 2,32,0.2,h32_d0.2,43,30,329,18.518673226090232,16.947053552743526,16.898772481354865
station_16,CITIES@Khalifa City 2,32,0.2,h32_d0.2,43,90,269,19.31623873352183,17.52611268179311,17.438074876547702
station_17,CITIES@Sas Al Nakhl,32,0.2,h32_d0.2,43,30,350,10.65030658177098,10.185138742956823,10.092006453276364
station_17,CITIES@Sas Al Nakhl,32,0.2,h32_d0.2,43,90,290,10.340353608973954,9.890101105996814,9.819283958929349
station_18,CITIES@Al Danah,32,0.2,h32_d0.2,43,30,310,12.29631412122112,11.337248022489911,11.869671811524091
station_18,CITIES@Al Danah,32,0.2,h32_d0.2,43,90,271,12.448336111935584,11.462228892962159,11.961260847144933
station_19,CITIES@Shakhbout[31],32,0.2,h32_d0.2,43,30,327,9.844875007554595,9.557835903941841,9.570651284553541
station_19,CITIES@Shakhbout[31],32,0.2,h32_d0.2,43,90,267,9.770016963172282,9.416372783598451,9.443293140557861
station_20,Abu dhabi al muzoon,32,0.2,h32_d0.2,43,30,242,11.300214389467746,10.753514988088792,10.924453793255669
station_20,Abu dhabi al muzoon,32,0.2,h32_d0.2,43,90,183,11.955186793054745,11.263740485845197,11.608202297089026
station_21,CITIES@Bateen-BWA,32,0.2,h32_d0.2,43,30,215,16.434843133939836,14.71581803519549,14.85113415731133
station_21,CITIES@Bateen-BWA,32,0.2,h32_d0.2,43,90,155,17.82374798570897,15.925398304044917,16.114080925735582
station_22,Mamsha Azure 3,32,0.2,h32_d0.2,43,30,141,13.749459924918883,12.37614897509997,12.957151768598646
station_22,Mamsha Azure 3,32,0.2,h32_d0.2,43,90,81,12.194108322373465,11.079415674908194,11.548079691152168
station_27,Sheleila,32,0.2,h32_d0.2,43,30,291,12.555055552695555,11.867285728109323,11.904673009555015
station_27,Sheleila,32,0.2,h32_d0.2,43,90,231,12.373207019526182,11.577064739405591,11.54865052703544
station_12,CITIES@Saadiyat,32,0.3,h32_d0.3,43,30,565,12.028233342645658,11.553971487615222,11.689514992968778
station_12,CITIES@Saadiyat,32,0.3,h32_d0.3,43,90,505,12.19209339638352,11.604956795792445,11.671934542708291
station_13,CITIES@Lycee Francais Theodore Monod International School,32,0.3,h32_d0.3,43,30,594,12.133064224454904,11.477989246262172,11.663313657589898
station_13,CITIES@Lycee Francais Theodore Monod International School,32,0.3,h32_d0.3,43,90,534,12.28736598793038,11.600764803222686,11.778170975057426
station_14,CITIES@West Yas Island,32,0.3,h32_d0.3,43,30,387,12.513374622556636,11.816025734865612,12.192586974612745
station_14,CITIES@West Yas Island,32,0.3,h32_d0.3,43,90,327,12.535055797770148,11.652379981007515,11.835598130277383
station_15,CITIES@Khalifa City 1,32,0.3,h32_d0.3,43,30,367,20.42504864771637,18.079328019477362,17.796209194123033
station_15,CITIES@Khalifa City 1,32,0.3,h32_d0.3,43,90,307,21.486237827058325,18.891308009311622,18.43773087177331
station_16,CITIES@Khalifa City 2,32,0.3,h32_d0.3,43,30,329,18.518673226090232,16.947053552743526,17.020037383458053
station_16,CITIES@Khalifa City 2,32,0.3,h32_d0.3,43,90,269,19.31623873352183,17.52611268179311,17.34970345510007
station_17,CITIES@Sas Al Nakhl,32,0.3,h32_d0.3,43,30,350,10.65030658177098,10.185138742956823,10.360828430293532
station_17,CITIES@Sas Al Nakhl,32,0.3,h32_d0.3,43,90,290,10.340353608973954,9.890101105996814,10.0574122275471
station_18,CITIES@Al Danah,32,0.3,h32_d0.3,43,30,310,12.29631412122112,11.337248022489911,11.562539068214104
station_18,CITIES@Al Danah,32,0.3,h32_d0.3,43,90,271,12.448336111935584,11.462228892962159,11.682461207157694
station_19,CITIES@Shakhbout[31],32,0.3,h32_d0.3,43,30,327,9.844875007554595,9.557835903941841,9.53191471980526
station_19,CITIES@Shakhbout[31],32,0.3,h32_d0.3,43,90,267,9.770016963172282,9.416372783598451,9.406536364291199
station_20,Abu dhabi al muzoon,32,0.3,h32_d0.3,43,30,242,11.300214389467746,10.753514988088792,10.998370117380986
station_20,Abu dhabi al muzoon,32,0.3,h32_d0.3,43,90,183,11.955186793054745,11.263740485845197,11.684879254017929
station_21,CITIES@Bateen-BWA,32,0.3,h32_d0.3,43,30,215,16.434843133939836,14.71581803519549,14.439231201334053
station_21,CITIES@Bateen-BWA,32,0.3,h32_d0.3,43,90,155,17.82374798570897,15.925398304044917,15.690072226966358
station_22,Mamsha Azure 3,32,0.3,h32_d0.3,43,30,141,13.749459924918883,12.37614897509997,12.91200160407181
station_22,Mamsha Azure 3,32,0.3,h32_d0.3,43,90,81,12.194108322373465,11.079415674908194,11.534469999285909
station_27,Sheleila,32,0.3,h32_d0.3,43,30,291,12.555055552695555,11.867285728109323,11.966817739791304
station_27,Sheleila,32,0.3,h32_d0.3,43,90,231,12.373207019526182,11.577064739405591,11.664653041150961
station_12,CITIES@Saadiyat,64,0.1,h64_d0.1,43,30,565,12.028233342645658,11.553971487615222,12.176207434712676
station_12,CITIES@Saadiyat,64,0.1,h64_d0.1,43,90,505,12.19209339638352,11.604956795792445,12.201875109831708
station_13,CITIES@Lycee Francais Theodore Monod International School,64,0.1,h64_d0.1,43,30,594,12.133064224454904,11.477989246262172,12.128891361116382
station_13,CITIES@Lycee Francais Theodore Monod International School,64,0.1,h64_d0.1,43,90,534,12.28736598793038,11.600764803222686,12.259116515236393
station_14,CITIES@West Yas Island,64,0.1,h64_d0.1,43,30,387,12.513374622556636,11.816025734865612,12.382607292253892
station_14,CITIES@West Yas Island,64,0.1,h64_d0.1,43,90,327,12.535055797770148,11.652379981007515,12.227904128465122
station_15,CITIES@Khalifa City 1,64,0.1,h64_d0.1,43,30,367,20.42504864771637,18.079328019477362,18.027397413926966
station_15,CITIES@Khalifa City 1,64,0.1,h64_d0.1,43,90,307,21.486237827058325,18.891308009311622,18.774692286907307
station_16,CITIES@Khalifa City 2,64,0.1,h64_d0.1,43,30,329,18.518673226090232,16.947053552743526,17.057487916196614
station_16,CITIES@Khalifa City 2,64,0.1,h64_d0.1,43,90,269,19.31623873352183,17.52611268179311,17.556146788829867
station_17,CITIES@Sas Al Nakhl,64,0.1,h64_d0.1,43,30,350,10.65030658177098,10.185138742956823,10.462958566404259
station_17,CITIES@Sas Al Nakhl,64,0.1,h64_d0.1,43,90,290,10.340353608973954,9.890101105996814,10.07293817629475
station_18,CITIES@Al Danah,64,0.1,h64_d0.1,43,30,310,12.29631412122112,11.337248022489911,11.639950611010732
station_18,CITIES@Al Danah,64,0.1,h64_d0.1,43,90,271,12.448336111935584,11.462228892962159,11.738413475153576
station_19,CITIES@Shakhbout[31],64,0.1,h64_d0.1,43,30,327,9.844875007554595,9.557835903941841,9.754525122031982
station_19,CITIES@Shakhbout[31],64,0.1,h64_d0.1,43,90,267,9.770016963172282,9.416372783598451,9.636832350210804
station_20,Abu dhabi al muzoon,64,0.1,h64_d0.1,43,30,242,11.300214389467746,10.753514988088792,11.289245883166988
station_20,Abu dhabi al muzoon,64,0.1,h64_d0.1,43,90,183,11.955186793054745,11.263740485845197,11.966427830887989
station_21,CITIES@Bateen-BWA,64,0.1,h64_d0.1,43,30,215,16.434843133939836,14.71581803519549,14.91861260812637
station_21,CITIES@Bateen-BWA,64,0.1,h64_d0.1,43,90,155,17.82374798570897,15.925398304044917,16.140257878226564
station_22,Mamsha Azure 3,64,0.1,h64_d0.1,43,30,141,13.749459924918883,12.37614897509997,13.559909157150726
station_22,Mamsha Azure 3,64,0.1,h64_d0.1,43,90,81,12.194108322373465,11.079415674908194,12.09017016038468
station_27,Sheleila,64,0.1,h64_d0.1,43,30,291,12.555055552695555,11.867285728109323,11.997686412504688
station_27,Sheleila,64,0.1,h64_d0.1,43,90,231,12.373207019526182,11.577064739405591,11.693549104996189
station_12,CITIES@Saadiyat,64,0.2,h64_d0.2,43,30,565,12.028233342645658,11.553971487615222,11.969800601087883
station_12,CITIES@Saadiyat,64,0.2,h64_d0.2,43,90,505,12.19209339638352,11.604956795792445,11.914503402459598
station_13,CITIES@Lycee Francais Theodore Monod International School,64,0.2,h64_d0.2,43,30,594,12.133064224454904,11.477989246262172,11.625064067314387
station_13,CITIES@Lycee Francais Theodore Monod International School,64,0.2,h64_d0.2,43,90,534,12.28736598793038,11.600764803222686,11.77509358737113
station_14,CITIES@West Yas Island,64,0.2,h64_d0.2,43,30,387,12.513374622556636,11.816025734865612,12.113712646743945
station_14,CITIES@West Yas Island,64,0.2,h64_d0.2,43,90,327,12.535055797770148,11.652379981007515,11.920380105670327
station_15,CITIES@Khalifa City 1,64,0.2,h64_d0.2,43,30,367,20.42504864771637,18.079328019477362,17.83349934117102
station_15,CITIES@Khalifa City 1,64,0.2,h64_d0.2,43,90,307,21.486237827058325,18.891308009311622,18.543580149638846
station_16,CITIES@Khalifa City 2,64,0.2,h64_d0.2,43,30,329,18.518673226090232,16.947053552743526,16.918330303261385
station_16,CITIES@Khalifa City 2,64,0.2,h64_d0.2,43,90,269,19.31623873352183,17.52611268179311,17.387279492271023
station_17,CITIES@Sas Al Nakhl,64,0.2,h64_d0.2,43,30,350,10.65030658177098,10.185138742956823,10.507106423660495
station_17,CITIES@Sas Al Nakhl,64,0.2,h64_d0.2,43,90,290,10.340353608973954,9.890101105996814,10.075157246068528
station_18,CITIES@Al Danah,64,0.2,h64_d0.2,43,30,310,12.29631412122112,11.337248022489911,11.639818699457546
station_18,CITIES@Al Danah,64,0.2,h64_d0.2,43,90,271,12.448336111935584,11.462228892962159,11.763138239348637
station_19,CITIES@Shakhbout[31],64,0.2,h64_d0.2,43,30,327,9.844875007554595,9.557835903941841,9.790416092868664
station_19,CITIES@Shakhbout[31],64,0.2,h64_d0.2,43,90,267,9.770016963172282,9.416372783598451,9.671486174157156
station_20,Abu dhabi al muzoon,64,0.2,h64_d0.2,43,30,242,11.300214389467746,10.753514988088792,11.066627527157125
station_20,Abu dhabi al muzoon,64,0.2,h64_d0.2,43,90,183,11.955186793054745,11.263740485845197,11.723162222343603
station_21,CITIES@Bateen-BWA,64,0.2,h64_d0.2,43,30,215,16.434843133939836,14.71581803519549,15.411885617199607
station_21,CITIES@Bateen-BWA,64,0.2,h64_d0.2,43,90,155,17.82374798570897,15.925398304044917,16.77917284878525
station_22,Mamsha Azure 3,64,0.2,h64_d0.2,43,30,141,13.749459924918883,12.37614897509997,13.697974906206971
station_22,Mamsha Azure 3,64,0.2,h64_d0.2,43,90,81,12.194108322373465,11.079415674908194,12.41254342288583
station_27,Sheleila,64,0.2,h64_d0.2,43,30,291,12.555055552695555,11.867285728109323,11.881289780920671
station_27,Sheleila,64,0.2,h64_d0.2,43,90,231,12.373207019526182,11.577064739405591,11.570155620848459
station_12,CITIES@Saadiyat,64,0.3,h64_d0.3,43,30,565,12.028233342645658,11.553971487615222,11.756060402618447
station_12,CITIES@Saadiyat,64,0.3,h64_d0.3,43,90,505,12.19209339638352,11.604956795792445,11.701714983141105
station_13,CITIES@Lycee Francais Theodore Monod International School,64,0.3,h64_d0.3,43,30,594,12.133064224454904,11.477989246262172,11.629894654261648
station_13,CITIES@Lycee Francais Theodore Monod International School,64,0.3,h64_d0.3,43,90,534,12.28736598793038,11.600764803222686,11.799008622887765
station_14,CITIES@West Yas Island,64,0.3,h64_d0.3,43,30,387,12.513374622556636,11.816025734865612,12.393192198144261
station_14,CITIES@West Yas Island,64,0.3,h64_d0.3,43,90,327,12.535055797770148,11.652379981007515,12.255570565619898
station_15,CITIES@Khalifa City 1,64,0.3,h64_d0.3,43,30,367,20.42504864771637,18.079328019477362,18.0555523622805
station_15,CITIES@Khalifa City 1,64,0.3,h64_d0.3,43,90,307,21.486237827058325,18.891308009311622,18.825595592223635
station_16,CITIES@Khalifa City 2,64,0.3,h64_d0.3,43,30,329,18.518673226090232,16.947053552743526,17.197310109811045
station_16,CITIES@Khalifa City 2,64,0.3,h64_d0.3,43,90,269,19.31623873352183,17.52611268179311,17.731041229918247
station_17,CITIES@Sas Al Nakhl,64,0.3,h64_d0.3,43,30,350,10.65030658177098,10.185138742956823,10.444809276668957
station_17,CITIES@Sas Al Nakhl,64,0.3,h64_d0.3,43,90,290,10.340353608973954,9.890101105996814,10.07296436753951
station_18,CITIES@Al Danah,64,0.3,h64_d0.3,43,30,310,12.29631412122112,11.337248022489911,11.61622212630748
station_18,CITIES@Al Danah,64,0.3,h64_d0.3,43,90,271,12.448336111935584,11.462228892962159,11.742732663034415
station_19,CITIES@Shakhbout[31],64,0.3,h64_d0.3,43,30,327,9.844875007554595,9.557835903941841,9.71968290474669
station_19,CITIES@Shakhbout[31],64,0.3,h64_d0.3,43,90,267,9.770016963172282,9.416372783598451,9.590201676622538
station_20,Abu dhabi al muzoon,64,0.3,h64_d0.3,43,30,242,11.300214389467746,10.753514988088792,11.090270366387502
station_20,Abu dhabi al muzoon,64,0.3,h64_d0.3,43,90,183,11.955186793054745,11.263740485845197,11.838269989902368
station_21,CITIES@Bateen-BWA,64,0.3,h64_d0.3,43,30,215,16.434843133939836,14.71581803519549,15.020036983103601
station_21,CITIES@Bateen-BWA,64,0.3,h64_d0.3,43,90,155,17.82374798570897,15.925398304044917,16.326358059791648
station_22,Mamsha Azure 3,64,0.3,h64_d0.3,43,30,141,13.749459924918883,12.37614897509997,13.41389174775841
station_22,Mamsha Azure 3,64,0.3,h64_d0.3,43,90,81,12.194108322373465,11.079415674908194,12.222795742334872
station_27,Sheleila,64,0.3,h64_d0.3,43,30,291,12.555055552695555,11.867285728109323,11.886338155098017
station_27,Sheleila,64,0.3,h64_d0.3,43,90,231,12.373207019526182,11.577064739405591,11.630501976649184
station_12,CITIES@Saadiyat,128,0.1,h128_d0.1,43,30,565,12.028233342645658,11.553971487615222,12.418481257542306
station_12,CITIES@Saadiyat,128,0.1,h128_d0.1,43,90,505,12.19209339638352,11.604956795792445,12.338458437530765
station_13,CITIES@Lycee Francais Theodore Monod International School,128,0.1,h128_d0.1,43,30,594,12.133064224454904,11.477989246262172,11.783707386926121
station_13,CITIES@Lycee Francais Theodore Monod International School,128,0.1,h128_d0.1,43,90,534,12.28736598793038,11.600764803222686,11.96986452593869
station_14,CITIES@West Yas Island,128,0.1,h128_d0.1,43,30,387,12.513374622556636,11.816025734865612,12.335872249908137
station_14,CITIES@West Yas Island,128,0.1,h128_d0.1,43,90,327,12.535055797770148,11.652379981007515,12.033746928196738
station_15,CITIES@Khalifa City 1,128,0.1,h128_d0.1,43,30,367,20.42504864771637,18.079328019477362,18.229572962184516
station_15,CITIES@Khalifa City 1,128,0.1,h128_d0.1,43,90,307,21.486237827058325,18.891308009311622,18.906734508568956
station_16,CITIES@Khalifa City 2,128,0.1,h128_d0.1,43,30,329,18.518673226090232,16.947053552743526,17.106750075048964
station_16,CITIES@Khalifa City 2,128,0.1,h128_d0.1,43,90,269,19.31623873352183,17.52611268179311,17.47035707363275
station_17,CITIES@Sas Al Nakhl,128,0.1,h128_d0.1,43,30,350,10.65030658177098,10.185138742956823,11.131363181188718
station_17,CITIES@Sas Al Nakhl,128,0.1,h128_d0.1,43,90,290,10.340353608973954,9.890101105996814,10.841338871508604
station_18,CITIES@Al Danah,128,0.1,h128_d0.1,43,30,310,12.29631412122112,11.337248022489911,11.83642184849213
station_18,CITIES@Al Danah,128,0.1,h128_d0.1,43,90,271,12.448336111935584,11.462228892962159,11.942229584226705
station_19,CITIES@Shakhbout[31],128,0.1,h128_d0.1,43,30,327,9.844875007554595,9.557835903941841,9.885443070438631
station_19,CITIES@Shakhbout[31],128,0.1,h128_d0.1,43,90,267,9.770016963172282,9.416372783598451,9.829689180480164
station_20,Abu dhabi al muzoon,128,0.1,h128_d0.1,43,30,242,11.300214389467746,10.753514988088792,11.990027835236786
station_20,Abu dhabi al muzoon,128,0.1,h128_d0.1,43,90,183,11.955186793054745,11.263740485845197,12.87189357082593
station_21,CITIES@Bateen-BWA,128,0.1,h128_d0.1,43,30,215,16.434843133939836,14.71581803519549,15.121526308013987
station_21,CITIES@Bateen-BWA,128,0.1,h128_d0.1,43,90,155,17.82374798570897,15.925398304044917,16.43839514198774
station_22,Mamsha Azure 3,128,0.1,h128_d0.1,43,30,141,13.749459924918883,12.37614897509997,12.684909342922163
station_22,Mamsha Azure 3,128,0.1,h128_d0.1,43,90,81,12.194108322373465,11.079415674908194,11.672993754856547
station_27,Sheleila,128,0.1,h128_d0.1,43,30,291,12.555055552695555,11.867285728109323,13.417537131838854
station_27,Sheleila,128,0.1,h128_d0.1,43,90,231,12.373207019526182,11.577064739405591,13.282346783724515
station_12,CITIES@Saadiyat,128,0.2,h128_d0.2,43,30,565,12.028233342645658,11.553971487615222,12.232130317829732
station_12,CITIES@Saadiyat,128,0.2,h128_d0.2,43,90,505,12.19209339638352,11.604956795792445,12.185508306029442
station_13,CITIES@Lycee Francais Theodore Monod International School,128,0.2,h128_d0.2,43,30,594,12.133064224454904,11.477989246262172,12.345966351255008
station_13,CITIES@Lycee Francais Theodore Monod International School,128,0.2,h128_d0.2,43,90,534,12.28736598793038,11.600764803222686,12.55299100031472
station_14,CITIES@West Yas Island,128,0.2,h128_d0.2,43,30,387,12.513374622556636,11.816025734865612,12.358801170250041
station_14,CITIES@West Yas Island,128,0.2,h128_d0.2,43,90,327,12.535055797770148,11.652379981007515,12.291417824479344
station_15,CITIES@Khalifa City 1,128,0.2,h128_d0.2,43,30,367,20.42504864771637,18.079328019477362,17.750745609196006
station_15,CITIES@Khalifa City 1,128,0.2,h128_d0.2,43,90,307,21.486237827058325,18.891308009311622,18.530810520983938
station_16,CITIES@Khalifa City 2,128,0.2,h128_d0.2,43,30,329,18.518673226090232,16.947053552743526,17.018205916778793
station_16,CITIES@Khalifa City 2,128,0.2,h128_d0.2,43,90,269,19.31623873352183,17.52611268179311,17.621840772763846
station_17,CITIES@Sas Al Nakhl,128,0.2,h128_d0.2,43,30,350,10.65030658177098,10.185138742956823,11.031534271040396
station_17,CITIES@Sas Al Nakhl,128,0.2,h128_d0.2,43,90,290,10.340353608973954,9.890101105996814,10.85230359554567
station_18,CITIES@Al Danah,128,0.2,h128_d0.2,43,30,310,12.29631412122112,11.337248022489911,11.877580783900786
station_18,CITIES@Al Danah,128,0.2,h128_d0.2,43,90,271,12.448336111935584,11.462228892962159,11.970738287820895
station_19,CITIES@Shakhbout[31],128,0.2,h128_d0.2,43,30,327,9.844875007554595,9.557835903941841,10.50630638762512
station_19,CITIES@Shakhbout[31],128,0.2,h128_d0.2,43,90,267,9.770016963172282,9.416372783598451,10.578203356502744
station_20,Abu dhabi al muzoon,128,0.2,h128_d0.2,43,30,242,11.300214389467746,10.753514988088792,11.921192426800063
station_20,Abu dhabi al muzoon,128,0.2,h128_d0.2,43,90,183,11.955186793054745,11.263740485845197,12.763928760433547
station_21,CITIES@Bateen-BWA,128,0.2,h128_d0.2,43,30,215,16.434843133939836,14.71581803519549,15.180488542773189
station_21,CITIES@Bateen-BWA,128,0.2,h128_d0.2,43,90,155,17.82374798570897,15.925398304044917,16.493017441446156
station_22,Mamsha Azure 3,128,0.2,h128_d0.2,43,30,141,13.749459924918883,12.37614897509997,12.45638749665322
station_22,Mamsha Azure 3,128,0.2,h128_d0.2,43,90,81,12.194108322373465,11.079415674908194,11.20398329773524
station_27,Sheleila,128,0.2,h128_d0.2,43,30,291,12.555055552695555,11.867285728109323,11.925701075069819
station_27,Sheleila,128,0.2,h128_d0.2,43,90,231,12.373207019526182,11.577064739405591,11.581825751866997
station_12,CITIES@Saadiyat,128,0.3,h128_d0.3,43,30,565,12.028233342645658,11.553971487615222,12.715043810065827
station_12,CITIES@Saadiyat,128,0.3,h128_d0.3,43,90,505,12.19209339638352,11.604956795792445,12.653790337644827
station_13,CITIES@Lycee Francais Theodore Monod International School,128,0.3,h128_d0.3,43,30,594,12.133064224454904,11.477989246262172,12.537130629512319
station_13,CITIES@Lycee Francais Theodore Monod International School,128,0.3,h128_d0.3,43,90,534,12.28736598793038,11.600764803222686,12.724808343476163
station_14,CITIES@West Yas Island,128,0.3,h128_d0.3,43,30,387,12.513374622556636,11.816025734865612,12.619539846514686
station_14,CITIES@West Yas Island,128,0.3,h128_d0.3,43,90,327,12.535055797770148,11.652379981007515,12.408492907697134
station_15,CITIES@Khalifa City 1,128,0.3,h128_d0.3,43,30,367,20.42504864771637,18.079328019477362,17.859969358987183
station_15,CITIES@Khalifa City 1,128,0.3,h128_d0.3,43,90,307,21.486237827058325,18.891308009311622,18.53434094618191
station_16,CITIES@Khalifa City 2,128,0.3,h128_d0.3,43,30,329,18.518673226090232,16.947053552743526,17.16350068867096
station_16,CITIES@Khalifa City 2,128,0.3,h128_d0.3,43,90,269,19.31623873352183,17.52611268179311,17.58274512880628
station_17,CITIES@Sas Al Nakhl,128,0.3,h128_d0.3,43,30,350,10.65030658177098,10.185138742956823,10.727675774388018
station_17,CITIES@Sas Al Nakhl,128,0.3,h128_d0.3,43,90,290,10.340353608973954,9.890101105996814,10.427468541148782
station_18,CITIES@Al Danah,128,0.3,h128_d0.3,43,30,310,12.29631412122112,11.337248022489911,11.991042867369861
station_18,CITIES@Al Danah,128,0.3,h128_d0.3,43,90,271,12.448336111935584,11.462228892962159,12.138466984950352
station_19,CITIES@Shakhbout[31],128,0.3,h128_d0.3,43,30,327,9.844875007554595,9.557835903941841,9.894423034614208
station_19,CITIES@Shakhbout[31],128,0.3,h128_d0.3,43,90,267,9.770016963172282,9.416372783598451,9.768893818318988
station_20,Abu dhabi al muzoon,128,0.3,h128_d0.3,43,30,242,11.300214389467746,10.753514988088792,11.805015575503546
station_20,Abu dhabi al muzoon,128,0.3,h128_d0.3,43,90,183,11.955186793054745,11.263740485845197,12.69293776629223
station_21,CITIES@Bateen-BWA,128,0.3,h128_d0.3,43,30,215,16.434843133939836,14.71581803519549,14.839518949381354
station_21,CITIES@Bateen-BWA,128,0.3,h128_d0.3,43,90,155,17.82374798570897,15.925398304044917,15.96215439138574
station_22,Mamsha Azure 3,128,0.3,h128_d0.3,43,30,141,13.749459924918883,12.37614897509997,13.22030416988118
station_22,Mamsha Azure 3,128,0.3,h128_d0.3,43,90,81,12.194108322373465,11.079415674908194,11.913573228461775
station_27,Sheleila,128,0.3,h128_d0.3,43,30,291,12.555055552695555,11.867285728109323,12.823589726345686
station_27,Sheleila,128,0.3,h128_d0.3,43,90,231,12.373207019526182,11.577064739405591,12.556999210891629
station_12,CITIES@Saadiyat,32,0.1,h32_d0.1,44,30,565,12.028233342645658,11.553971487615222,11.561266864826814
station_12,CITIES@Saadiyat,32,0.1,h32_d0.1,44,90,505,12.19209339638352,11.604956795792445,11.635932533624333
station_13,CITIES@Lycee Francais Theodore Monod International School,32,0.1,h32_d0.1,44,30,594,12.133064224454904,11.477989246262172,11.727793918602895
station_13,CITIES@Lycee Francais Theodore Monod International School,32,0.1,h32_d0.1,44,90,534,12.28736598793038,11.600764803222686,11.893578868740127
station_14,CITIES@West Yas Island,32,0.1,h32_d0.1,44,30,387,12.513374622556636,11.816025734865612,11.808823044920103
station_14,CITIES@West Yas Island,32,0.1,h32_d0.1,44,90,327,12.535055797770148,11.652379981007515,11.658538364708733
station_15,CITIES@Khalifa City 1,32,0.1,h32_d0.1,44,30,367,20.42504864771637,18.079328019477362,17.641675141975668
station_15,CITIES@Khalifa City 1,32,0.1,h32_d0.1,44,90,307,21.486237827058325,18.891308009311622,18.412338057582822
station_16,CITIES@Khalifa City 2,32,0.1,h32_d0.1,44,30,329,18.518673226090232,16.947053552743526,16.73104854209064
station_16,CITIES@Khalifa City 2,32,0.1,h32_d0.1,44,90,269,19.31623873352183,17.52611268179311,17.292198942595874
station_17,CITIES@Sas Al Nakhl,32,0.1,h32_d0.1,44,30,350,10.65030658177098,10.185138742956823,10.39990671958159
station_17,CITIES@Sas Al Nakhl,32,0.1,h32_d0.1,44,90,290,10.340353608973954,9.890101105996814,10.102091904726747
station_18,CITIES@Al Danah,32,0.1,h32_d0.1,44,30,310,12.29631412122112,11.337248022489911,11.91583377422976
station_18,CITIES@Al Danah,32,0.1,h32_d0.1,44,90,271,12.448336111935584,11.462228892962159,11.88773175485581
station_19,CITIES@Shakhbout[31],32,0.1,h32_d0.1,44,30,327,9.844875007554595,9.557835903941841,9.63304291939103
station_19,CITIES@Shakhbout[31],32,0.1,h32_d0.1,44,90,267,9.770016963172282,9.416372783598451,9.507334835961974
station_20,Abu dhabi al muzoon,32,0.1,h32_d0.1,44,30,242,11.300214389467746,10.753514988088792,10.801736915798145
station_20,Abu dhabi al muzoon,32,0.1,h32_d0.1,44,90,183,11.955186793054745,11.263740485845197,11.455669733087499
station_21,CITIES@Bateen-BWA,32,0.1,h32_d0.1,44,30,215,16.434843133939836,14.71581803519549,14.71002565438898
station_21,CITIES@Bateen-BWA,32,0.1,h32_d0.1,44,90,155,17.82374798570897,15.925398304044917,15.9714954144974
station_22,Mamsha Azure 3,32,0.1,h32_d0.1,44,30,141,13.749459924918883,12.37614897509997,12.86918639337396
station_22,Mamsha Azure 3,32,0.1,h32_d0.1,44,90,81,12.194108322373465,11.079415674908194,11.685331422658559
station_27,Sheleila,32,0.1,h32_d0.1,44,30,291,12.555055552695555,11.867285728109323,11.856161490685153
station_27,Sheleila,32,0.1,h32_d0.1,44,90,231,12.373207019526182,11.577064739405591,11.666856836090856
station_12,CITIES@Saadiyat,32,0.2,h32_d0.2,44,30,565,12.028233342645658,11.553971487615222,11.510468604795392
station_12,CITIES@Saadiyat,32,0.2,h32_d0.2,44,90,505,12.19209339638352,11.604956795792445,11.578211169317905
station_13,CITIES@Lycee Francais Theodore Monod International School,32,0.2,h32_d0.2,44,30,594,12.133064224454904,11.477989246262172,11.478007551988439
station_13,CITIES@Lycee Francais Theodore Monod International School,32,0.2,h32_d0.2,44,90,534,12.28736598793038,11.600764803222686,11.627859645440983
station_14,CITIES@West Yas Island,32,0.2,h32_d0.2,44,30,387,12.513374622556636,11.816025734865612,12.13643521355038
station_14,CITIES@West Yas Island,32,0.2,h32_d0.2,44,90,327,12.535055797770148,11.652379981007515,12.003046942658818
station_15,CITIES@Khalifa City 1,32,0.2,h32_d0.2,44,30,367,20.42504864771637,18.079328019477362,17.804974523896853
station_15,CITIES@Khalifa City 1,32,0.2,h32_d0.2,44,90,307,21.486237827058325,18.891308009311622,18.57892307832389
station_16,CITIES@Khalifa City 2,32,0.2,h32_d0.2,44,30,329,18.518673226090232,16.947053552743526,16.964134039961586
station_16,CITIES@Khalifa City 2,32,0.2,h32_d0.2,44,90,269,19.31623873352183,17.52611268179311,17.50774553235217
station_17,CITIES@Sas Al Nakhl,32,0.2,h32_d0.2,44,30,350,10.65030658177098,10.185138742956823,10.252005653206918
station_17,CITIES@Sas Al Nakhl,32,0.2,h32_d0.2,44,90,290,10.340353608973954,9.890101105996814,10.005336367969278
station_18,CITIES@Al Danah,32,0.2,h32_d0.2,44,30,310,12.29631412122112,11.337248022489911,11.626287553954437
station_18,CITIES@Al Danah,32,0.2,h32_d0.2,44,90,271,12.448336111935584,11.462228892962159,11.731595352858292
station_19,CITIES@Shakhbout[31],32,0.2,h32_d0.2,44,30,327,9.844875007554595,9.557835903941841,9.582332204804425
station_19,CITIES@Shakhbout[31],32,0.2,h32_d0.2,44,90,267,9.770016963172282,9.416372783598451,9.467845429079349
station_20,Abu dhabi al muzoon,32,0.2,h32_d0.2,44,30,242,11.300214389467746,10.753514988088792,10.791923264971944
station_20,Abu dhabi al muzoon,32,0.2,h32_d0.2,44,90,183,11.955186793054745,11.263740485845197,11.366844769595199
station_21,CITIES@Bateen-BWA,32,0.2,h32_d0.2,44,30,215,16.434843133939836,14.71581803519549,14.661023398925435
station_21,CITIES@Bateen-BWA,32,0.2,h32_d0.2,44,90,155,17.82374798570897,15.925398304044917,15.891354183540875
station_22,Mamsha Azure 3,32,0.2,h32_d0.2,44,30,141,13.749459924918883,12.37614897509997,12.890970933986857
station_22,Mamsha Azure 3,32,0.2,h32_d0.2,44,90,81,12.194108322373465,11.079415674908194,11.658751330830231
station_27,Sheleila,32,0.2,h32_d0.2,44,30,291,12.555055552695555,11.867285728109323,12.072889768800415
station_27,Sheleila,32,0.2,h32_d0.2,44,90,231,12.373207019526182,11.577064739405591,11.874046285236497
station_12,CITIES@Saadiyat,32,0.3,h32_d0.3,44,30,565,12.028233342645658,11.553971487615222,11.663774630715952
station_12,CITIES@Saadiyat,32,0.3,h32_d0.3,44,90,505,12.19209339638352,11.604956795792445,11.717861536778925
station_13,CITIES@Lycee Francais Theodore Monod International School,32,0.3,h32_d0.3,44,30,594,12.133064224454904,11.477989246262172,11.51543616231729
station_13,CITIES@Lycee Francais Theodore Monod International School,32,0.3,h32_d0.3,44,90,534,12.28736598793038,11.600764803222686,11.666732715862018
station_14,CITIES@West Yas Island,32,0.3,h32_d0.3,44,30,387,12.513374622556636,11.816025734865612,11.935301598285537
station_14,CITIES@West Yas Island,32,0.3,h32_d0.3,44,90,327,12.535055797770148,11.652379981007515,11.800732603839917
station_15,CITIES@Khalifa City 1,32,0.3,h32_d0.3,44,30,367,20.42504864771637,18.079328019477362,17.772124658817294
station_15,CITIES@Khalifa City 1,32,0.3,h32_d0.3,44,90,307,21.486237827058325,18.891308009311622,18.56381525459841
station_16,CITIES@Khalifa City 2,32,0.3,h32_d0.3,44,30,329,18.518673226090232,16.947053552743526,16.9828893242717
station_16,CITIES@Khalifa City 2,32,0.3,h32_d0.3,44,90,269,19.31623873352183,17.52611268179311,17.55044912238962
station_17,CITIES@Sas Al Nakhl,32,0.3,h32_d0.3,44,30,350,10.65030658177098,10.185138742956823,10.223618929498572
station_17,CITIES@Sas Al Nakhl,32,0.3,h32_d0.3,44,90,290,10.340353608973954,9.890101105996814,9.912079345229321
station_18,CITIES@Al Danah,32,0.3,h32_d0.3,44,30,310,12.29631412122112,11.337248022489911,11.794267843745766
station_18,CITIES@Al Danah,32,0.3,h32_d0.3,44,90,271,12.448336111935584,11.462228892962159,11.843603664493687
station_19,CITIES@Shakhbout[31],32,0.3,h32_d0.3,44,30,327,9.844875007554595,9.557835903941841,9.643870725095546
station_19,CITIES@Shakhbout[31],32,0.3,h32_d0.3,44,90,267,9.770016963172282,9.416372783598451,9.541845291496026
station_20,Abu dhabi al muzoon,32,0.3,h32_d0.3,44,30,242,11.300214389467746,10.753514988088792,10.722476781116182
station_20,Abu dhabi al muzoon,32,0.3,h32_d0.3,44,90,183,11.955186793054745,11.263740485845197,11.386352684434712
station_21,CITIES@Bateen-BWA,32,0.3,h32_d0.3,44,30,215,16.434843133939836,14.71581803519549,14.64675790079961
station_21,CITIES@Bateen-BWA,32,0.3,h32_d0.3,44,90,155,17.82374798570897,15.925398304044917,15.89091432152217
station_22,Mamsha Azure 3,32,0.3,h32_d0.3,44,30,141,13.749459924918883,12.37614897509997,12.733092855306342
station_22,Mamsha Azure 3,32,0.3,h32_d0.3,44,90,81,12.194108322373465,11.079415674908194,11.692313388374544
station_27,Sheleila,32,0.3,h32_d0.3,44,30,291,12.555055552695555,11.867285728109323,12.093658105685138
station_27,Sheleila,32,0.3,h32_d0.3,44,90,231,12.373207019526182,11.577064739405591,11.869576968450803
station_12,CITIES@Saadiyat,64,0.1,h64_d0.1,44,30,565,12.028233342645658,11.553971487615222,11.980392085065304
station_12,CITIES@Saadiyat,64,0.1,h64_d0.1,44,90,505,12.19209339638352,11.604956795792445,11.982438230762359
station_13,CITIES@Lycee Francais Theodore Monod International School,64,0.1,h64_d0.1,44,30,594,12.133064224454904,11.477989246262172,11.880282365953125
station_13,CITIES@Lycee Francais Theodore Monod International School,64,0.1,h64_d0.1,44,90,534,12.28736598793038,11.600764803222686,12.00679696036433
station_14,CITIES@West Yas Island,64,0.1,h64_d0.1,44,30,387,12.513374622556636,11.816025734865612,12.37830411644221
station_14,CITIES@West Yas Island,64,0.1,h64_d0.1,44,90,327,12.535055797770148,11.652379981007515,12.235965912837829
station_15,CITIES@Khalifa City 1,64,0.1,h64_d0.1,44,30,367,20.42504864771637,18.079328019477362,17.711726703117044
station_15,CITIES@Khalifa City 1,64,0.1,h64_d0.1,44,90,307,21.486237827058325,18.891308009311622,18.463605197656438
station_16,CITIES@Khalifa City 2,64,0.1,h64_d0.1,44,30,329,18.518673226090232,16.947053552743526,16.990733197954064
station_16,CITIES@Khalifa City 2,64,0.1,h64_d0.1,44,90,269,19.31623873352183,17.52611268179311,17.488907797225092
station_17,CITIES@Sas Al Nakhl,64,0.1,h64_d0.1,44,30,350,10.65030658177098,10.185138742956823,10.621822270345149
station_17,CITIES@Sas Al Nakhl,64,0.1,h64_d0.1,44,90,290,10.340353608973954,9.890101105996814,10.224824785732913
station_18,CITIES@Al Danah,64,0.1,h64_d0.1,44,30,310,12.29631412122112,11.337248022489911,11.518284127809858
station_18,CITIES@Al Danah,64,0.1,h64_d0.1,44,90,271,12.448336111935584,11.462228892962159,11.638918487283268
station_19,CITIES@Shakhbout[31],64,0.1,h64_d0.1,44,30,327,9.844875007554595,9.557835903941841,10.028648594797287
station_19,CITIES@Shakhbout[31],64,0.1,h64_d0.1,44,90,267,9.770016963172282,9.416372783598451,9.953577724374654
station_20,Abu dhabi al muzoon,64,0.1,h64_d0.1,44,30,242,11.300214389467746,10.753514988088792,11.534175957283777
station_20,Abu dhabi al muzoon,64,0.1,h64_d0.1,44,90,183,11.955186793054745,11.263740485845197,12.354121532129744
station_21,CITIES@Bateen-BWA,64,0.1,h64_d0.1,44,30,215,16.434843133939836,14.71581803519549,15.395777144966107
station_21,CITIES@Bateen-BWA,64,0.1,h64_d0.1,44,90,155,17.82374798570897,15.925398304044917,16.726846991554567
station_22,Mamsha Azure 3,64,0.1,h64_d0.1,44,30,141,13.749459924918883,12.37614897509997,13.082167097191899
station_22,Mamsha Azure 3,64,0.1,h64_d0.1,44,90,81,12.194108322373465,11.079415674908194,11.815135204127886
station_27,Sheleila,64,0.1,h64_d0.1,44,30,291,12.555055552695555,11.867285728109323,12.082458257958319
station_27,Sheleila,64,0.1,h64_d0.1,44,90,231,12.373207019526182,11.577064739405591,11.660744926060978
station_12,CITIES@Saadiyat,64,0.2,h64_d0.2,44,30,565,12.028233342645658,11.553971487615222,11.805988428510812
station_12,CITIES@Saadiyat,64,0.2,h64_d0.2,44,90,505,12.19209339638352,11.604956795792445,11.82422312461888
station_13,CITIES@Lycee Francais Theodore Monod International School,64,0.2,h64_d0.2,44,30,594,12.133064224454904,11.477989246262172,11.757990075427346
station_13,CITIES@Lycee Francais Theodore Monod International School,64,0.2,h64_d0.2,44,90,534,12.28736598793038,11.600764803222686,11.886068864288081
station_14,CITIES@West Yas Island,64,0.2,h64_d0.2,44,30,387,12.513374622556636,11.816025734865612,12.25399873380502
station_14,CITIES@West Yas Island,64,0.2,h64_d0.2,44,90,327,12.535055797770148,11.652379981007515,12.094965344407328
station_15,CITIES@Khalifa City 1,64,0.2,h64_d0.2,44,30,367,20.42504864771637,18.079328019477362,17.89638816093761
station_15,CITIES@Khalifa City 1,64,0.2,h64_d0.2,44,90,307,21.486237827058325,18.891308009311622,18.671925951660548
station_16,CITIES@Khalifa City 2,64,0.2,h64_d0.2,44,30,329,18.518673226090232,16.947053552743526,17.111655016635048
station_16,CITIES@Khalifa City 2,64,0.2,h64_d0.2,44,90,269,19.31623873352183,17.52611268179311,17.66192466212364
station_17,CITIES@Sas Al Nakhl,64,0.2,h64_d0.2,44,30,350,10.65030658177098,10.185138742956823,10.675787757980034
station_17,CITIES@Sas Al Nakhl,64,0.2,h64_d0.2,44,90,290,10.340353608973954,9.890101105996814,10.196055354556709
station_18,CITIES@Al Danah,64,0.2,h64_d0.2,44,30,310,12.29631412122112,11.337248022489911,11.547913899900273
station_18,CITIES@Al Danah,64,0.2,h64_d0.2,44,90,271,12.448336111935584,11.462228892962159,11.693196046549977
station_19,CITIES@Shakhbout[31],64,0.2,h64_d0.2,44,30,327,9.844875007554595,9.557835903941841,9.969076011182993
station_19,CITIES@Shakhbout[31],64,0.2,h64_d0.2,44,90,267,9.770016963172282,9.416372783598451,9.869669712130232
station_20,Abu dhabi al muzoon,64,0.2,h64_d0.2,44,30,242,11.300214389467746,10.753514988088792,10.97082061885045
station_20,Abu dhabi al muzoon,64,0.2,h64_d0.2,44,90,183,11.955186793054745,11.263740485845197,11.60952811727847
station_21,CITIES@Bateen-BWA,64,0.2,h64_d0.2,44,30,215,16.434843133939836,14.71581803519549,14.850850050837167
station_21,CITIES@Bateen-BWA,64,0.2,h64_d0.2,44,90,155,17.82374798570897,15.925398304044917,16.06406925995532
station_22,Mamsha Azure 3,64,0.2,h64_d0.2,44,30,141,13.749459924918883,12.37614897509997,13.059571397690624
station_22,Mamsha Azure 3,64,0.2,h64_d0.2,44,90,81,12.194108322373465,11.079415674908194,11.731211711950232
station_27,Sheleila,64,0.2,h64_d0.2,44,30,291,12.555055552695555,11.867285728109323,11.867870042531507
station_27,Sheleila,64,0.2,h64_d0.2,44,90,231,12.373207019526182,11.577064739405591,11.614489559279571
station_12,CITIES@Saadiyat,64,0.3,h64_d0.3,44,30,565,12.028233342645658,11.553971487615222,11.65948770955586
station_12,CITIES@Saadiyat,64,0.3,h64_d0.3,44,90,505,12.19209339638352,11.604956795792445,11.687284472846136
station_13,CITIES@Lycee Francais Theodore Monod International School,64,0.3,h64_d0.3,44,30,594,12.133064224454904,11.477989246262172,11.91033470593563
station_13,CITIES@Lycee Francais Theodore Monod International School,64,0.3,h64_d0.3,44,90,534,12.28736598793038,11.600764803222686,12.035313730321096
station_14,CITIES@West Yas Island,64,0.3,h64_d0.3,44,30,387,12.513374622556636,11.816025734865612,12.083958191284777
station_14,CITIES@West Yas Island,64,0.3,h64_d0.3,44,90,327,12.535055797770148,11.652379981007515,11.93026663646681
station_15,CITIES@Khalifa City 1,64,0.3,h64_d0.3,44,30,367,20.42504864771637,18.079328019477362,17.593644488311707
station_15,CITIES@Khalifa City 1,64,0.3,h64_d0.3,44,90,307,21.486237827058325,18.891308009311622,18.33913605794208
station_16,CITIES@Khalifa City 2,64,0.3,h64_d0.3,44,30,329,18.518673226090232,16.947053552743526,16.622033643765775
station_16,CITIES@Khalifa City 2,64,0.3,h64_d0.3,44,90,269,19.31623873352183,17.52611268179311,17.109644880721476
station_17,CITIES@Sas Al Nakhl,64,0.3,h64_d0.3,44,30,350,10.65030658177098,10.185138742956823,10.425716122119182
station_17,CITIES@Sas Al Nakhl,64,0.3,h64_d0.3,44,90,290,10.340353608973954,9.890101105996814,10.08501598820929
station_18,CITIES@Al Danah,64,0.3,h64_d0.3,44,30,310,12.29631412122112,11.337248022489911,11.72078762189601
station_18,CITIES@Al Danah,64,0.3,h64_d0.3,44,90,271,12.448336111935584,11.462228892962159,11.83118411956666
station_19,CITIES@Shakhbout[31],64,0.3,h64_d0.3,44,30,327,9.844875007554595,9.557835903941841,9.75631430020866
station_19,CITIES@Shakhbout[31],64,0.3,h64_d0.3,44,90,267,9.770016963172282,9.416372783598451,9.687856169679918
station_20,Abu dhabi al muzoon,64,0.3,h64_d0.3,44,30,242,11.300214389467746,10.753514988088792,10.884710782782271
station_20,Abu dhabi al muzoon,64,0.3,h64_d0.3,44,90,183,11.955186793054745,11.263740485845197,11.510249898702488
station_21,CITIES@Bateen-BWA,64,0.3,h64_d0.3,44,30,215,16.434843133939836,14.71581803519549,15.090899248280731
station_21,CITIES@Bateen-BWA,64,0.3,h64_d0.3,44,90,155,17.82374798570897,15.925398304044917,16.281230940288587
station_22,Mamsha Azure 3,64,0.3,h64_d0.3,44,30,141,13.749459924918883,12.37614897509997,13.049956866120676
station_22,Mamsha Azure 3,64,0.3,h64_d0.3,44,90,81,12.194108322373465,11.079415674908194,11.767665016211609
station_27,Sheleila,64,0.3,h64_d0.3,44,30,291,12.555055552695555,11.867285728109323,11.885967242661351
station_27,Sheleila,64,0.3,h64_d0.3,44,90,231,12.373207019526182,11.577064739405591,11.702193993590178
station_12,CITIES@Saadiyat,128,0.1,h128_d0.1,44,30,565,12.028233342645658,11.553971487615222,12.577612319141215
station_12,CITIES@Saadiyat,128,0.1,h128_d0.1,44,90,505,12.19209339638352,11.604956795792445,12.488789407314567
station_13,CITIES@Lycee Francais Theodore Monod International School,128,0.1,h128_d0.1,44,30,594,12.133064224454904,11.477989246262172,11.6220940501768
station_13,CITIES@Lycee Francais Theodore Monod International School,128,0.1,h128_d0.1,44,90,534,12.28736598793038,11.600764803222686,11.753110045919728
station_14,CITIES@West Yas Island,128,0.1,h128_d0.1,44,30,387,12.513374622556636,11.816025734865612,11.979379907028937
station_14,CITIES@West Yas Island,128,0.1,h128_d0.1,44,90,327,12.535055797770148,11.652379981007515,11.81931080692897
station_15,CITIES@Khalifa City 1,128,0.1,h128_d0.1,44,30,367,20.42504864771637,18.079328019477362,17.89436058947687
station_15,CITIES@Khalifa City 1,128,0.1,h128_d0.1,44,90,307,21.486237827058325,18.891308009311622,18.66505113629461
station_16,CITIES@Khalifa City 2,128,0.1,h128_d0.1,44,30,329,18.518673226090232,16.947053552743526,17.004334361562616
station_16,CITIES@Khalifa City 2,128,0.1,h128_d0.1,44,90,269,19.31623873352183,17.52611268179311,17.54405121052434
station_17,CITIES@Sas Al Nakhl,128,0.1,h128_d0.1,44,30,350,10.65030658177098,10.185138742956823,10.269345017538742
station_17,CITIES@Sas Al Nakhl,128,0.1,h128_d0.1,44,90,290,10.340353608973954,9.890101105996814,9.918737127941931
station_18,CITIES@Al Danah,128,0.1,h128_d0.1,44,30,310,12.29631412122112,11.337248022489911,12.844582258265184
station_18,CITIES@Al Danah,128,0.1,h128_d0.1,44,90,271,12.448336111935584,11.462228892962159,13.008797040332677
station_19,CITIES@Shakhbout[31],128,0.1,h128_d0.1,44,30,327,9.844875007554595,9.557835903941841,9.602770875848528
station_19,CITIES@Shakhbout[31],128,0.1,h128_d0.1,44,90,267,9.770016963172282,9.416372783598451,9.524387498710146
station_20,Abu dhabi al muzoon,128,0.1,h128_d0.1,44,30,242,11.300214389467746,10.753514988088792,12.935294262320628
station_20,Abu dhabi al muzoon,128,0.1,h128_d0.1,44,90,183,11.955186793054745,11.263740485845197,13.878409418047598
station_21,CITIES@Bateen-BWA,128,0.1,h128_d0.1,44,30,215,16.434843133939836,14.71581803519549,15.566480614151478
station_21,CITIES@Bateen-BWA,128,0.1,h128_d0.1,44,90,155,17.82374798570897,15.925398304044917,16.866502241044408
station_22,Mamsha Azure 3,128,0.1,h128_d0.1,44,30,141,13.749459924918883,12.37614897509997,13.631916741493312
station_22,Mamsha Azure 3,128,0.1,h128_d0.1,44,90,81,12.194108322373465,11.079415674908194,12.247159677230837
station_27,Sheleila,128,0.1,h128_d0.1,44,30,291,12.555055552695555,11.867285728109323,12.56195516568262
station_27,Sheleila,128,0.1,h128_d0.1,44,90,231,12.373207019526182,11.577064739405591,12.311760728919293
station_12,CITIES@Saadiyat,128,0.2,h128_d0.2,44,30,565,12.028233342645658,11.553971487615222,12.384179331799796
station_12,CITIES@Saadiyat,128,0.2,h128_d0.2,44,90,505,12.19209339638352,11.604956795792445,12.3518533695776
station_13,CITIES@Lycee Francais Theodore Monod International School,128,0.2,h128_d0.2,44,30,594,12.133064224454904,11.477989246262172,12.32493837200941
station_13,CITIES@Lycee Francais Theodore Monod International School,128,0.2,h128_d0.2,44,90,534,12.28736598793038,11.600764803222686,12.457647029472108
station_14,CITIES@West Yas Island,128,0.2,h128_d0.2,44,30,387,12.513374622556636,11.816025734865612,12.843998773125893
station_14,CITIES@West Yas Island,128,0.2,h128_d0.2,44,90,327,12.535055797770148,11.652379981007515,12.634116711843758
station_15,CITIES@Khalifa City 1,128,0.2,h128_d0.2,44,30,367,20.42504864771637,18.079328019477362,18.96168759402942
station_15,CITIES@Khalifa City 1,128,0.2,h128_d0.2,44,90,307,21.486237827058325,18.891308009311622,19.756532268281603
station_16,CITIES@Khalifa City 2,128,0.2,h128_d0.2,44,30,329,18.518673226090232,16.947053552743526,18.13015099761875
station_16,CITIES@Khalifa City 2,128,0.2,h128_d0.2,44,90,269,19.31623873352183,17.52611268179311,18.627209954613406
station_17,CITIES@Sas Al Nakhl,128,0.2,h128_d0.2,44,30,350,10.65030658177098,10.185138742956823,10.38775644681232
station_17,CITIES@Sas Al Nakhl,128,0.2,h128_d0.2,44,90,290,10.340353608973954,9.890101105996814,10.009732675935899
station_18,CITIES@Al Danah,128,0.2,h128_d0.2,44,30,310,12.29631412122112,11.337248022489911,11.976778084351336
station_18,CITIES@Al Danah,128,0.2,h128_d0.2,44,90,271,12.448336111935584,11.462228892962159,12.144541587942491
station_19,CITIES@Shakhbout[31],128,0.2,h128_d0.2,44,30,327,9.844875007554595,9.557835903941841,9.92045783303661
station_19,CITIES@Shakhbout[31],128,0.2,h128_d0.2,44,90,267,9.770016963172282,9.416372783598451,9.82719033719078
station_20,Abu dhabi al muzoon,128,0.2,h128_d0.2,44,30,242,11.300214389467746,10.753514988088792,11.774451876631156
station_20,Abu dhabi al muzoon,128,0.2,h128_d0.2,44,90,183,11.955186793054745,11.263740485845197,12.571351670779022
station_21,CITIES@Bateen-BWA,128,0.2,h128_d0.2,44,30,215,16.434843133939836,14.71581803519549,15.869141660197913
station_21,CITIES@Bateen-BWA,128,0.2,h128_d0.2,44,90,155,17.82374798570897,15.925398304044917,17.24999290975196
station_22,Mamsha Azure 3,128,0.2,h128_d0.2,44,30,141,13.749459924918883,12.37614897509997,13.283578196600066
station_22,Mamsha Azure 3,128,0.2,h128_d0.2,44,90,81,12.194108322373465,11.079415674908194,11.571656551547546
station_27,Sheleila,128,0.2,h128_d0.2,44,30,291,12.555055552695555,11.867285728109323,12.755854020984382
station_27,Sheleila,128,0.2,h128_d0.2,44,90,231,12.373207019526182,11.577064739405591,12.353151166557339
station_12,CITIES@Saadiyat,128,0.3,h128_d0.3,44,30,565,12.028233342645658,11.553971487615222,12.468201049614663
station_12,CITIES@Saadiyat,128,0.3,h128_d0.3,44,90,505,12.19209339638352,11.604956795792445,12.415312686363032
station_13,CITIES@Lycee Francais Theodore Monod International School,128,0.3,h128_d0.3,44,30,594,12.133064224454904,11.477989246262172,11.764635694076784
station_13,CITIES@Lycee Francais Theodore Monod International School,128,0.3,h128_d0.3,44,90,534,12.28736598793038,11.600764803222686,11.918843768747525
station_14,CITIES@West Yas Island,128,0.3,h128_d0.3,44,30,387,12.513374622556636,11.816025734865612,12.008457013708854
station_14,CITIES@West Yas Island,128,0.3,h128_d0.3,44,90,327,12.535055797770148,11.652379981007515,11.86602726520827
station_15,CITIES@Khalifa City 1,128,0.3,h128_d0.3,44,30,367,20.42504864771637,18.079328019477362,17.7490510293928
station_15,CITIES@Khalifa City 1,128,0.3,h128_d0.3,44,90,307,21.486237827058325,18.891308009311622,18.50630599086539
station_16,CITIES@Khalifa City 2,128,0.3,h128_d0.3,44,30,329,18.518673226090232,16.947053552743526,16.87741146686999
station_16,CITIES@Khalifa City 2,128,0.3,h128_d0.3,44,90,269,19.31623873352183,17.52611268179311,17.406383492807173
station_17,CITIES@Sas Al Nakhl,128,0.3,h128_d0.3,44,30,350,10.65030658177098,10.185138742956823,10.851239610995874
station_17,CITIES@Sas Al Nakhl,128,0.3,h128_d0.3,44,90,290,10.340353608973954,9.890101105996814,10.62572114114856
station_18,CITIES@Al Danah,128,0.3,h128_d0.3,44,30,310,12.29631412122112,11.337248022489911,12.012038535449891
station_18,CITIES@Al Danah,128,0.3,h128_d0.3,44,90,271,12.448336111935584,11.462228892962159,12.177183694385205
station_19,CITIES@Shakhbout[31],128,0.3,h128_d0.3,44,30,327,9.844875007554595,9.557835903941841,10.35445361189297
station_19,CITIES@Shakhbout[31],128,0.3,h128_d0.3,44,90,267,9.770016963172282,9.416372783598451,10.402561453567621
station_20,Abu dhabi al muzoon,128,0.3,h128_d0.3,44,30,242,11.300214389467746,10.753514988088792,11.573485932195577
station_20,Abu dhabi al muzoon,128,0.3,h128_d0.3,44,90,183,11.955186793054745,11.263740485845197,12.171343074895342
station_21,CITIES@Bateen-BWA,128,0.3,h128_d0.3,44,30,215,16.434843133939836,14.71581803519549,14.915058912004408
station_21,CITIES@Bateen-BWA,128,0.3,h128_d0.3,44,90,155,17.82374798570897,15.925398304044917,16.359173027829222
station_22,Mamsha Azure 3,128,0.3,h128_d0.3,44,30,141,13.749459924918883,12.37614897509997,13.60393607401158
station_22,Mamsha Azure 3,128,0.3,h128_d0.3,44,90,81,12.194108322373465,11.079415674908194,11.80964680684093
station_27,Sheleila,128,0.3,h128_d0.3,44,30,291,12.555055552695555,11.867285728109323,13.190262380747852
station_27,Sheleila,128,0.3,h128_d0.3,44,90,231,12.373207019526182,11.577064739405591,12.65478558809861
