condition,target,name,K,n_test,extrel_threshold,n_all,rmse_all_model,rmse_all_persistence,mae_all_model,mae_all_persistence,n_normal,rmse_normal_model,rmse_normal_persistence,mae_normal_model,mae_normal_persistence,n_ext,rmse_ext_model,rmse_ext_persistence,mae_ext_model,mae_ext_persistence,n_onset,rmse_onset_model,rmse_onset_persistence,mae_onset_model,mae_onset_persistence,n_extrel,rmse_extrel_model,rmse_extrel_persistence,mae_extrel_model,mae_extrel_persistence
interp,station_12,CITIES@Saadiyat,30,565,54.08,565,11.553793005885808,12.028233342645658,8.986728134122085,8.789185840707963,551,10.64655673100068,11.639953263575478,8.509254536005688,8.602631578947367,14,30.433219925129702,22.502578264977295,27.778724745703094,16.131428571428568,7,36.37619107446346,29.20242529066966,33.9978324705198,24.592857142857138,59,21.14547917947835,18.084341995873913,18.20504119991118,13.892033898305087
interp,station_12,CITIES@Saadiyat,90,505,54.08,505,11.605001680577553,12.19209339638352,9.035792793522416,8.905663366336634,492,10.663448085272266,11.80422300242828,8.545067829181814,8.730792682926829,13,30.466277435406372,22.380766983488986,27.607845290105217,15.523846153846154,6,37.33314318285148,29.977854604135146,34.66411160419385,24.686666666666667,55,21.300739857815532,18.352817519636893,18.321812795822066,14.037636363636365
interp,station_13,CITIES@Lycee Francais Theodore Monod International School,30,594,57.129,594,11.477422834998523,12.133064224454904,8.940788993141542,8.984444444444446,576,10.532122761762023,11.811504484799743,8.40269055842791,8.828541666666666,18,28.24024144723233,19.839323185140273,26.159938903977793,13.973333333333333,8,33.1937064381556,27.612641805883044,30.864858790348432,23.466250000000002,61,21.347365523180454,18.444965815485432,18.794435960301303,14.578688524590163
interp,station_13,CITIES@Lycee Francais Theodore Monod International School,90,534,57.129,534,11.600330660778221,12.28736598793038,9.058926766210588,9.147228464419474,516,10.556596663032655,11.938002183113849,8.462379831172196,8.978875968992249,18,28.24024144723233,19.839323185140273,26.159938903977793,13.973333333333333,8,33.1937064381556,27.612641805883044,30.864858790348432,23.466250000000002,60,21.14330109881955,18.003631902109827,18.58700391235325,14.2195
interp,station_14,CITIES@West Yas Island,30,387,60.05,387,11.815753338134629,12.513374622556636,9.142378705990728,9.419095607235143,376,10.448586487101217,11.809693942293269,8.489484176199172,9.03343085106383,11,34.352215261696536,27.232873183308843,31.459500815229397,22.601818181818185,6,40.82974785985555,35.42098765797852,39.99503758797758,32.593333333333334,37,22.90824793600806,19.865042295585614,19.11881944163578,15.98675675675676
interp,station_14,CITIES@West Yas Island,90,327,60.05,327,11.651933673047113,12.535055797770148,8.972061952295475,9.34874617737003,319,10.227530036948952,11.704227232488178,8.336339497290872,8.920971786833856,8,37.12787923432855,30.9864137566773,34.32149484560399,26.406250000000007,5,42.494655605031646,38.21118108616901,41.75407367344286,36.096000000000004,24,25.132031423028373,23.308531163503204,21.09162523346805,19.245833333333334
interp,station_15,CITIES@Khalifa City 1,30,367,70.724,367,18.079347039936827,20.42504864771637,12.638687997111635,13.572833787465939,338,13.9908900305523,17.4910706212996,10.660427039786718,11.864615384615384,29,43.07044446501921,41.39762041303907,35.69566053420893,33.48241379310345,19,48.617508069918024,45.49658905664768,43.74388422932787,39.59947368421052,38,38.70765302581293,37.023302725943324,31.056917439756393,28.806052631578943
interp,station_15,CITIES@Khalifa City 1,90,307,70.724,307,18.89124196979038,21.486237827058325,13.022490831847444,14.184527687296416,282,14.367464758176016,18.156220677519322,10.828885519041952,12.190744680851063,25,45.32120025844145,44.1670914595924,37.76635876029337,36.674400000000006,17,50.34903615040862,47.639611422329935,45.37928411350292,42.16235294117647,31,41.488070104115586,40.413693822602966,33.572989012600296,32.52548387096774
interp,station_16,CITIES@Khalifa City 2,30,329,73.376,329,16.94699080398578,18.518673226090232,12.253043549202738,13.060273556231003,300,13.45925602748772,16.299310936355564,10.449595177246302,11.660833333333333,29,37.205622383366034,33.7982925502213,30.909406017717618,27.53724137931034,19,35.245875706890004,33.73975641817668,32.58762231769024,29.585789473684212,31,36.07439096463843,32.83161640071763,29.529287560159684,26.48806451612903
interp,station_16,CITIES@Khalifa City 2,90,269,73.376,269,17.52590922188791,19.31623873352183,12.390405559735376,13.420817843866171,249,13.724217511572816,16.641617437127163,10.50548533971262,11.73875502008032,20,42.26415944423342,39.62926942299088,35.85766229901868,34.3625,14,38.62300188604575,38.1203749419426,36.55825152588901,34.895714285714284,21,41.2703936047997,38.81956079092086,34.46230345222447,33.458571428571425
interp,station_17,CITIES@Sas Al Nakhl,30,350,49.33,350,10.184973061429275,10.65030658177098,8.076888748509266,7.908628571428571,346,9.603350144869566,10.34286204953554,7.791713928804038,7.765549132947977,4,,,,,3,,,,,36,17.456726598872685,15.0418915033981,14.627278549114534,11.894444444444442
interp,station_17,CITIES@Sas Al Nakhl,90,290,49.33,290,9.889053896570706,10.340353608973954,7.840391048131154,7.652103448275862,287,9.334844617028802,10.026377215609156,7.578670315967491,7.529651567944252,3,,,,,2,,,,,23,18.736084470264643,16.255270717123,15.95598338231226,12.820869565217386
interp,station_18,CITIES@Al Danah,30,310,50.79,310,11.336241681449575,12.29631412122112,8.697509913297534,9.15241935483871,304,10.51269522544931,11.830075980202679,8.290211826134321,8.923848684210526,6,32.25192779278112,26.853874953160858,29.333946329567084,20.733333333333334,3,,,,,29,18.83261870715273,17.14818870499357,14.636158163486412,13.256206896551722
interp,station_18,CITIES@Al Danah,90,271,50.79,271,11.461540819004574,12.448336111935584,8.696842173758583,9.23678966789668,265,10.525676366056102,11.922337826336033,8.229586985325183,8.976490566037738,6,32.25192779278112,26.853874953160858,29.333946329567084,20.733333333333334,3,,,,,28,19.165815345052255,17.327466738430882,15.144551630888474,13.336785714285712
interp,station_19,CITIES@Shakhbout[31],30,327,49.96,327,9.558189119261947,9.844875007554595,7.398926079712815,7.397920489296636,325,9.342647279882799,9.83825935198514,7.278967106522484,7.3864,2,,,,,1,,,,,28,17.869525440705463,16.327763275214046,15.656133538506179,13.6725
interp,station_19,CITIES@Shakhbout[31],90,267,49.96,267,9.415497952369403,9.770016963172282,7.268563983887181,7.292883895131086,265,9.145209149732391,9.761272960598978,7.120460623590922,7.277962264150943,2,,,,,1,,,,,21,19.069099102320685,17.77432257097701,17.30429894065777,15.435238095238091
interp,station_20,Abu dhabi al muzoon,30,242,44.956,242,10.752456288529254,11.300214389467746,8.354419001334392,8.25198347107438,238,9.719298103180423,10.522053161388818,7.898616630130012,7.982563025210084,4,,,,,2,,,,,25,19.506244824715974,19.832688168778333,15.527567384005597,14.8472
interp,station_20,Abu dhabi al muzoon,90,183,44.956,183,11.263390248238533,11.955186793054745,8.561718152373155,8.57535519125683,179,9.949540279294007,10.985829572528788,7.9603116286721045,8.224357541899442,4,,,,,2,,,,,25,19.506244824715974,19.832688168778333,15.527567384005597,14.8472
interp,station_21,CITIES@Bateen-BWA,30,215,54.87,215,14.715640792215874,16.434843133939836,10.662745135998836,11.354790697674417,206,12.341698697454035,14.693266306620918,9.482764619230887,10.442912621359222,9,41.07020755271572,38.8710223402701,37.67118807535413,32.22666666666666,6,47.5659178051714,47.32635928669492,46.45561099384097,44.79833333333334,23,30.35952318556917,29.023202636930815,26.071394980253725,23.921304347826084
interp,station_21,CITIES@Bateen-BWA,90,155,54.87,155,15.925422812752453,17.82374798570897,11.34932901608214,12.268774193548387,146,12.855919612934136,15.62460331551247,9.726748663113318,11.03849315068493,9,41.07020755271572,38.8710223402701,37.67118807535413,32.22666666666666,6,47.5659178051714,47.32635928669492,46.45561099384097,44.79833333333334,22,30.719274139417887,29.431010083676274,26.304849024242777,24.19818181818182
interp,station_22,Mamsha Azure 3,30,141,59.224000000000004,141,12.376152419273645,13.749459924918883,8.814796408155065,9.837872340425532,135,10.648778824696905,12.890902304424706,7.912447125936032,9.323925925925925,6,32.37366150561497,26.52685588857702,29.117655258083303,21.40166666666667,3,,,,,13,26.849028549152347,25.38752585879076,23.7880825236647,21.5423076923077
interp,station_22,Mamsha Azure 3,90,81,59.224000000000004,81,11.079383943429153,12.194108322373465,7.924171699330294,8.453950617283951,78,9.777578774512607,12.037652680289543,7.131155390474483,8.276923076923078,3,,,,,1,,,,,4,,,,
interp,station_27,Sheleila,30,291,61.664000000000016,291,11.865082042443268,12.555055552695555,9.334504085322703,9.467079037800687,282,10.668421942675577,12.048177314255657,8.670066859715485,9.13049645390071,9,31.39556952583617,23.41756842866294,30.153537154348903,20.013333333333335,6,33.09448238799812,27.6022991192159,32.29981989142656,25.348333333333333,21,23.84434546711751,18.10147770868708,21.571365344534566,14.868571428571432
interp,station_27,Sheleila,90,231,61.664000000000016,231,11.57399414977186,12.373207019526182,9.098987815182499,9.174891774891774,224,10.319993462822145,11.784051135357242,8.437705499779456,8.821383928571429,7,31.82011559971646,24.66845672397966,30.26002190807984,20.487142857142853,4,,,,,12,26.290064327840177,20.181913107202366,23.879335249887532,16.206666666666663
no_interp,station_12,CITIES@Saadiyat,30,565,54.08,565,11.607479252916466,12.028233342645658,9.042143707944964,8.789185840707963,551,10.673805781916004,11.639953263575478,8.552778180542017,8.602631578947367,14,30.87875841148237,22.502578264977295,28.302172679303773,16.131428571428568,7,36.74315023245775,29.20242529066966,34.371102453887524,24.592857142857138,59,21.40033760576849,18.084341995873913,18.467982612248413,13.892033898305087
no_interp,station_12,CITIES@Saadiyat,90,505,54.08,505,11.655079607474061,12.19209339638352,9.085094599932505,8.905663366336634,492,10.684066070707926,11.80422300242828,8.581140666034637,8.730792682926829,13,30.93194138546697,22.380766983488986,28.15781271360563,15.523846153846154,6,37.726318180881265,29.977854604135146,35.069810823972155,24.686666666666667,55,21.563275374385174,18.352817519636893,18.590525803702167,14.037636363636365
no_interp,station_13,CITIES@Lycee Francais Theodore Monod International School,30,594,57.129,594,11.51109655377333,12.133064224454904,8.976121884797655,8.984444444444446,576,10.540036407572293,11.811504484799743,8.426487070522029,8.828541666666666,18,28.595814179443476,19.839323185140273,26.564435941617646,13.973333333333333,8,33.429942307980255,27.612641805883044,31.12677124096266,23.466250000000002,61,21.534058545294812,18.444965815485432,18.996010084824714,14.578688524590163
no_interp,station_13,CITIES@Lycee Francais Theodore Monod International School,90,534,57.129,534,11.642961701596219,12.28736598793038,9.098868646588988,9.147228464419474,516,10.571764623385416,11.938002183113849,8.489604671181013,8.978875968992249,18,28.595814179443476,19.839323185140273,26.564435941617646,13.973333333333333,8,33.429942307980255,27.612641805883044,31.12677124096266,23.466250000000002,60,21.336156780515136,18.003631902109827,18.792791600339125,14.2195
no_interp,station_14,CITIES@West Yas Island,30,387,60.05,387,11.893477433207181,12.513374622556636,9.211601675027147,9.419095607235143,376,10.502675797834875,11.809693942293269,8.547437863416881,9.03343085106383,11,34.72996992244641,27.232873183308843,31.91392832643252,22.601818181818185,6,41.1269385620103,35.42098765797852,40.31775636323555,32.593333333333334,37,23.137689241458496,19.865042295585614,19.31959331117508,15.98675675675676
no_interp,station_14,CITIES@West Yas Island,90,327,60.05,327,11.716078565404777,12.535055797770148,9.03289721062464,9.34874617737003,319,10.266529368582592,11.704227232488178,8.386351771601987,8.920971786833856,8,37.521703785704176,30.9864137566773,34.81389659165304,26.406250000000007,5,42.78186471897647,38.21118108616901,42.06589566599122,36.096000000000004,24,25.392916980782374,23.308531163503204,21.32524821059816,19.245833333333334
no_interp,station_15,CITIES@Khalifa City 1,30,367,70.724,367,18.08040949594657,20.42504864771637,12.691430247156108,13.572833787465939,338,13.971721327555132,17.4910706212996,10.70905356390547,11.864615384615384,29,43.148541442822776,41.39762041303907,35.796372279525634,33.48241379310345,19,48.65305924465086,45.49658905664768,43.754164877641855,39.59947368421052,38,38.784471490742355,37.023302725943324,31.18038954327578,28.806052631578943
no_interp,station_15,CITIES@Khalifa City 1,90,307,70.724,307,18.877015573768926,21.486237827058325,13.066307038116557,14.184527687296416,282,14.326061505496304,18.156220677519322,10.868861308891642,12.190744680851063,25,45.39618676558127,44.1670914595924,37.853494863773605,36.674400000000006,17,50.38429882539706,47.639611422329935,45.38128035389078,42.16235294117647,31,41.55880725405479,40.413693822602966,33.682818190844785,32.52548387096774
no_interp,station_16,CITIES@Khalifa City 2,30,329,73.376,329,16.97372676493882,18.518673226090232,12.318984953605845,13.060273556231003,300,13.477155775511394,16.299310936355564,10.51114963939891,11.660833333333333,29,37.27679150229116,33.7982925502213,31.02072958333276,27.53724137931034,19,35.1738451618413,33.73975641817668,32.580448501254445,29.585789473684212,31,36.1419379490029,32.83161640071763,29.637935903831803,26.48806451612903
no_interp,station_16,CITIES@Khalifa City 2,90,269,73.376,269,17.534330349248357,19.31623873352183,12.437331322601775,13.420817843866171,249,13.719514423638962,16.641617437127163,10.547552898316736,11.73875502008032,20,42.33009765237314,39.62926942299088,35.965072704950515,34.3625,14,38.52558439972444,38.1203749419426,36.512432350410414,34.895714285714284,21,41.33898835471595,38.81956079092086,34.59053797790301,33.458571428571425
no_interp,station_17,CITIES@Sas Al Nakhl,30,350,49.33,350,10.2260630480752,10.65030658177098,8.101785659252906,7.908628571428571,346,9.634022135440414,10.34286204953554,7.812228757850743,7.765549132947977,4,,,,,3,,,,,36,17.694746198076068,15.0418915033981,14.925468549661645,11.894444444444442
no_interp,station_17,CITIES@Sas Al Nakhl,90,290,49.33,290,9.919006174170566,10.340353608973954,7.848037439913966,7.652103448275862,287,9.351388454788735,10.026377215609156,7.581092244739723,7.529651567944252,3,,,,,2,,,,,23,19.05045870782732,16.255270717123,16.362919463521287,12.820869565217386
no_interp,station_18,CITIES@Al Danah,30,310,50.79,310,11.364499876562073,12.29631412122112,8.720767676649121,9.15241935483871,304,10.521194417280878,11.830075980202679,8.303430936111523,8.923848684210526,6,32.623187280486114,26.853874953160858,29.865829197220815,20.733333333333334,3,,,,,29,19.068512641355937,17.14818870499357,14.88113015642871,13.256206896551722
no_interp,station_18,CITIES@Al Danah,90,271,50.79,271,11.48386141600675,12.448336111935584,8.71315077200619,9.23678966789668,265,10.524651152547856,11.922337826336033,8.234222203888121,8.976490566037738,6,32.623187280486114,26.853874953160858,29.865829197220815,20.733333333333334,3,,,,,28,19.40589918583275,17.327466738430882,15.398896419106633,13.336785714285712
no_interp,station_19,CITIES@Shakhbout[31],30,327,49.96,327,9.589322641868868,9.844875007554595,7.409153299561583,7.397920489296636,325,9.359950928795628,9.83825935198514,7.284093270098159,7.3864,2,,,,,1,,,,,28,18.146720661651457,16.327763275214046,15.952273546472805,13.6725
no_interp,station_19,CITIES@Shakhbout[31],90,267,49.96,267,9.433277976444256,9.770016963172282,7.256088611834466,7.292883895131086,265,9.14515207371275,9.761272960598978,7.10155789881157,7.277962264150943,2,,,,,1,,,,,21,19.382855585084314,17.77432257097701,17.62063448416083,15.435238095238091
no_interp,station_20,Abu dhabi al muzoon,30,227,46.06,227,10.933011426177194,11.529256789339781,8.4316404208825,8.434273127753304,223,9.824813479246448,10.718865414993946,7.937596958151096,8.15,4,,,,,2,,,,,23,20.32666176679261,20.36032533694113,16.29355085353981,15.107391304347827
no_interp,station_20,Abu dhabi al muzoon,90,183,46.06,183,11.295868106004313,11.955186793054745,8.56053685497288,8.57535519125683,179,9.95582948106564,10.985829572528788,7.947932908309522,8.224357541899442,4,,,,,2,,,,,23,20.32666176679261,20.36032533694113,16.29355085353981,15.107391304347827
no_interp,station_21,CITIES@Bateen-BWA,30,215,54.87,215,14.689585393578136,16.434843133939836,10.634884168629105,11.354790697674417,206,12.28440381133778,14.693266306620918,9.440719656253561,10.442912621359222,9,41.24020116689148,38.8710223402701,37.96798300744711,32.22666666666666,6,47.634580317892784,47.32635928669492,46.54760853148167,44.79833333333334,23,30.50822149795733,29.023202636930815,26.25388126049888,23.921304347826084
no_interp,station_21,CITIES@Bateen-BWA,90,155,54.87,155,15.916302554879051,17.82374798570897,11.335364744898124,12.268774193548387,146,12.810301600849067,15.62460331551247,9.693628002686202,11.03849315068493,9,41.24020116689148,38.8710223402701,37.96798300744711,32.22666666666666,6,47.634580317892784,47.32635928669492,46.54760853148167,44.79833333333334,22,30.86689791491134,29.431010083676274,26.486816249354874,24.19818181818182
no_interp,station_22,Mamsha Azure 3,30,141,59.224000000000004,141,12.384015396428415,13.749459924918883,8.830893796216005,9.837872340425532,135,10.619858683150776,12.890902304424706,7.91192402562741,9.323925925925925,6,32.65683255214513,26.52685588857702,29.50771363445935,21.40166666666667,3,,,,,13,27.010683004669975,25.38752585879076,23.970392739211754,21.5423076923077
no_interp,station_22,Mamsha Azure 3,90,81,59.224000000000004,81,11.11919983830041,12.194108322373465,7.946261270896063,8.453950617283951,78,9.759648812554971,12.037652680289543,7.131529265712197,8.276923076923078,3,,,,,1,,,,,4,,,,
no_interp,station_27,Sheleila,30,272,61.995000000000005,272,12.093612541270813,12.593058224322496,9.514093409740019,9.437867647058825,263,10.804133857018071,12.05180654776033,8.793171885204845,9.07596958174905,9,31.76594644140574,23.41756842866294,30.58102240449005,20.013333333333335,6,33.27667535106633,27.6022991192159,32.5191613516622,25.348333333333333,19,24.953967475462743,18.749657400378787,22.69953843621146,15.449473684210528
no_interp,station_27,Sheleila,90,212,61.995000000000005,212,11.808187803586836,12.406294887281565,9.27610713127284,9.11122641509434,205,10.426012605342484,11.764040930921238,8.54259977635254,8.722780487804878,7,32.24017672724257,24.66845672397966,30.75739395393875,20.487142857142853,4,,,,,11,27.537439040615023,21.009143896711436,25.292954416864085,17.16181818181818
